episode,step,reward,epsilon,avg_100
1,124,0.0,0.9995,0.0
2,352,3.0,0.9987,1.5
3,551,2.0,0.9979,1.67
4,675,0.0,0.9974,1.25
5,799,0.0,0.997,1.0
6,970,1.0,0.9963,1.0
7,1174,2.0,0.9955,1.14
8,1522,5.0,0.9942,1.62
9,1790,3.0,0.9932,1.78
10,1914,0.0,0.9927,1.6
11,2039,0.0,0.9923,1.45
12,2211,1.0,0.9916,1.42
13,2335,0.0,0.9911,1.31
14,2506,1.0,0.9905,1.29
15,2679,1.0,0.9898,1.27
16,2926,3.0,0.9889,1.38
17,3196,3.0,0.9879,1.47
18,3416,2.0,0.987,1.5
19,3664,3.0,0.9861,1.58
20,3866,2.0,0.9853,1.6
21,3990,0.0,0.9848,1.52
22,4159,1.0,0.9842,1.5
23,4311,1.0,0.9836,1.48
24,4434,0.0,0.9832,1.42
25,4557,0.0,0.9827,1.36
26,4728,1.0,0.982,1.35
27,4850,0.0,0.9816,1.3
28,5020,1.0,0.9809,1.29
29,5144,0.0,0.9805,1.24
30,5269,0.0,0.98,1.2
31,5519,3.0,0.979,1.26
32,5690,1.0,0.9784,1.25
33,5910,2.0,0.9775,1.27
34,6082,1.0,0.9769,1.26
35,6329,3.0,0.9759,1.31
36,6510,2.0,0.9753,1.33
37,6635,0.0,0.9748,1.3
38,6805,1.0,0.9741,1.29
39,7076,3.0,0.9731,1.33
40,7277,2.0,0.9723,1.35
41,7556,4.0,0.9713,1.41
42,7679,0.0,0.9708,1.38
43,7878,2.0,0.9701,1.4
44,8048,1.0,0.9694,1.39
45,8221,1.0,0.9688,1.38
46,8423,2.0,0.968,1.39
47,8576,1.0,0.9674,1.38
48,8748,1.0,0.9668,1.38
49,8918,1.0,0.9661,1.37
50,9088,1.0,0.9655,1.36
51,9211,0.0,0.965,1.33
52,9479,3.0,0.964,1.37
53,9603,0.0,0.9635,1.34
54,9850,3.0,0.9626,1.37
55,10001,1.0,0.962,1.36
56,10200,2.0,0.9612,1.38
57,10352,1.0,0.9607,1.37
58,10476,0.0,0.9602,1.34
59,10600,0.0,0.9597,1.32
60,10751,1.0,0.9591,1.32
61,10875,0.0,0.9587,1.3
62,11000,0.0,0.9582,1.27
63,11125,0.0,0.9577,1.25
64,11355,3.0,0.9569,1.28
65,11527,1.0,0.9562,1.28
66,11649,0.0,0.9557,1.26
67,11821,1.0,0.9551,1.25
68,11945,0.0,0.9546,1.24
69,12143,2.0,0.9539,1.25
70,12267,0.0,0.9534,1.23
71,12466,2.0,0.9526,1.24
72,12590,0.0,0.9522,1.22
73,12742,1.0,0.9516,1.22
74,12915,1.0,0.9509,1.22
75,13067,1.0,0.9503,1.21
76,13236,1.0,0.9497,1.21
77,13462,3.0,0.9488,1.23
78,13586,0.0,0.9484,1.22
79,13709,0.0,0.9479,1.2
80,13833,0.0,0.9474,1.19
81,13958,0.0,0.947,1.17
82,14083,0.0,0.9465,1.16
83,14207,0.0,0.946,1.14
84,14330,0.0,0.9455,1.13
85,14499,1.0,0.9449,1.13
86,14697,2.0,0.9442,1.14
87,14896,2.0,0.9434,1.15
88,15021,0.0,0.9429,1.14
89,15293,3.0,0.9419,1.16
90,15539,3.0,0.941,1.18
91,15709,1.0,0.9403,1.18
92,15881,1.0,0.9397,1.17
93,16100,2.0,0.9388,1.18
94,16225,0.0,0.9383,1.17
95,16445,2.0,0.9375,1.18
96,16618,1.0,0.9369,1.18
97,16741,0.0,0.9364,1.16
98,16866,0.0,0.9359,1.15
99,17036,1.0,0.9353,1.15
100,17235,2.0,0.9345,1.16
101,17387,1.0,0.9339,1.17
102,17510,0.0,0.9335,1.14
103,17726,3.0,0.9326,1.15
104,17849,0.0,0.9322,1.15
105,18001,1.0,0.9316,1.16
106,18185,2.0,0.9309,1.17
107,18308,0.0,0.9304,1.15
108,18460,1.0,0.9299,1.11
109,18632,1.0,0.9292,1.09
110,18802,1.0,0.9286,1.1
111,18926,0.0,0.9281,1.1
112,19051,0.0,0.9276,1.09
113,19204,1.0,0.927,1.1
114,19389,2.0,0.9263,1.11
115,19640,3.0,0.9254,1.13
116,19765,0.0,0.9249,1.1
117,19963,2.0,0.9241,1.09
118,20395,10.0,0.9225,1.17
119,20519,0.0,0.922,1.14
120,20643,0.0,0.9216,1.12
121,20825,2.0,0.9209,1.14
122,20949,0.0,0.9204,1.13
123,21101,1.0,0.9198,1.13
124,21224,0.0,0.9193,1.13
125,21348,0.0,0.9189,1.13
126,21584,3.0,0.918,1.15
127,21764,2.0,0.9173,1.17
128,21919,1.0,0.9167,1.17
129,22043,0.0,0.9162,1.17
130,22240,2.0,0.9155,1.19
131,22364,0.0,0.915,1.16
132,22487,0.0,0.9145,1.15
133,22656,1.0,0.9139,1.14
134,22837,2.0,0.9132,1.15
135,23037,2.0,0.9125,1.14
136,23257,2.0,0.9116,1.14
137,23427,1.0,0.911,1.15
138,23599,1.0,0.9103,1.15
139,23770,1.0,0.9097,1.13
140,23895,0.0,0.9092,1.11
141,24113,2.0,0.9084,1.09
142,24237,0.0,0.9079,1.09
143,24361,0.0,0.9074,1.07
144,24580,2.0,0.9066,1.08
145,24733,1.0,0.906,1.08
146,24905,1.0,0.9054,1.07
147,25030,0.0,0.9049,1.06
148,25250,2.0,0.9041,1.07
149,25375,0.0,0.9036,1.06
150,25499,0.0,0.9031,1.05
151,25624,0.0,0.9026,1.05
152,25794,1.0,0.902,1.03
153,25945,1.0,0.9014,1.04
154,26067,0.0,0.9009,1.01
155,26364,4.0,0.8998,1.04
156,26596,3.0,0.8989,1.05
157,26721,0.0,0.8985,1.04
158,26873,1.0,0.8979,1.05
159,27053,2.0,0.8972,1.07
160,27177,0.0,0.8967,1.06
161,27302,0.0,0.8963,1.06
162,27520,2.0,0.8954,1.08
163,27740,2.0,0.8946,1.1
164,28002,4.0,0.8936,1.11
165,28127,0.0,0.8931,1.1
166,28297,1.0,0.8925,1.11
167,28421,0.0,0.892,1.1
168,28601,2.0,0.8913,1.12
169,28848,3.0,0.8904,1.13
170,29066,2.0,0.8895,1.15
171,29217,1.0,0.889,1.14
172,29388,1.0,0.8883,1.15
173,29568,2.0,0.8876,1.16
174,29692,0.0,0.8872,1.15
175,29894,2.0,0.8864,1.16
176,30047,1.0,0.8858,1.16
177,30199,1.0,0.8852,1.14
178,30322,0.0,0.8848,1.14
179,30446,0.0,0.8843,1.14
180,30570,0.0,0.8838,1.14
181,30788,2.0,0.883,1.16
182,31067,4.0,0.8819,1.2
183,31220,1.0,0.8814,1.21
184,31391,1.0,0.8807,1.22
185,31562,1.0,0.8801,1.22
186,31810,3.0,0.8791,1.23
187,31934,0.0,0.8787,1.21
188,32087,1.0,0.8781,1.22
189,32351,5.0,0.8771,1.24
190,32475,0.0,0.8766,1.21
191,32627,1.0,0.876,1.21
192,32752,0.0,0.8755,1.2
193,32905,1.0,0.875,1.19
194,33029,0.0,0.8745,1.19
195,33257,3.0,0.8736,1.2
196,33382,0.0,0.8731,1.19
197,33507,0.0,0.8727,1.19
198,33706,2.0,0.8719,1.21
199,33878,1.0,0.8713,1.21
200,34048,1.0,0.8706,1.2
201,34200,1.0,0.87,1.2
202,34420,2.0,0.8692,1.22
203,34572,1.0,0.8686,1.2
204,34696,0.0,0.8682,1.2
205,34915,2.0,0.8673,1.21
206,35084,1.0,0.8667,1.2
207,35236,1.0,0.8661,1.21
208,35436,2.0,0.8653,1.22
209,35559,0.0,0.8649,1.21
210,35682,0.0,0.8644,1.2
211,35881,2.0,0.8637,1.22
212,36182,4.0,0.8625,1.26
213,36307,0.0,0.862,1.25
214,36538,3.0,0.8612,1.26
215,36691,1.0,0.8606,1.24
216,36844,1.0,0.86,1.25
217,37015,1.0,0.8593,1.24
218,37266,3.0,0.8584,1.17
219,37391,0.0,0.8579,1.17
220,37603,3.0,0.8571,1.2
221,37726,0.0,0.8566,1.18
222,37851,0.0,0.8562,1.18
223,38022,1.0,0.8555,1.18
224,38177,1.0,0.8549,1.19
225,38350,1.0,0.8543,1.2
226,38503,1.0,0.8537,1.18
227,38655,1.0,0.8531,1.17
228,38779,0.0,0.8526,1.16
229,38979,2.0,0.8519,1.18
230,39102,0.0,0.8514,1.16
231,39227,0.0,0.8509,1.16
232,39400,1.0,0.8503,1.17
233,39571,1.0,0.8496,1.17
234,39744,1.0,0.849,1.16
235,39970,3.0,0.8481,1.17
236,40123,1.0,0.8475,1.16
237,40245,0.0,0.8471,1.15
238,40369,0.0,0.8466,1.14
239,40494,0.0,0.8461,1.13
240,40790,4.0,0.845,1.17
241,40941,1.0,0.8444,1.16
242,41140,2.0,0.8437,1.18
243,41262,0.0,0.8432,1.18
244,41387,0.0,0.8427,1.16
245,41607,2.0,0.8419,1.17
246,41777,1.0,0.8412,1.17
247,42054,4.0,0.8402,1.21
248,42226,1.0,0.8395,1.2
249,42503,4.0,0.8385,1.24
250,42655,1.0,0.8379,1.25
251,42807,1.0,0.8373,1.26
252,42930,0.0,0.8369,1.25
253,43100,1.0,0.8362,1.25
254,43224,0.0,0.8357,1.25
255,43377,1.0,0.8352,1.22
256,43501,0.0,0.8347,1.19
257,43624,0.0,0.8342,1.19
258,43883,4.0,0.8332,1.22
259,44007,0.0,0.8328,1.2
260,44160,1.0,0.8322,1.21
261,44312,1.0,0.8316,1.22
262,44482,1.0,0.831,1.21
263,44700,2.0,0.8301,1.21
264,44948,3.0,0.8292,1.2
265,45073,0.0,0.8287,1.2
266,45225,1.0,0.8281,1.2
267,45455,3.0,0.8273,1.23
268,45580,0.0,0.8268,1.21
269,45751,1.0,0.8261,1.19
270,45998,3.0,0.8252,1.2
271,46122,0.0,0.8247,1.19
272,46341,2.0,0.8239,1.2
273,46466,0.0,0.8234,1.18
274,46637,1.0,0.8228,1.19
275,46868,3.0,0.8219,1.2
276,47087,2.0,0.8211,1.21
277,47239,1.0,0.8205,1.21
278,47437,2.0,0.8197,1.23
279,47562,0.0,0.8193,1.23
280,47736,1.0,0.8186,1.24
281,47861,0.0,0.8181,1.22
282,48081,2.0,0.8173,1.2
283,48205,0.0,0.8168,1.19
284,48405,2.0,0.8161,1.2
285,48575,1.0,0.8154,1.2
286,48727,1.0,0.8148,1.18
287,48899,1.0,0.8142,1.19
288,49023,0.0,0.8137,1.18
289,49220,2.0,0.813,1.15
290,49345,0.0,0.8125,1.15
291,49498,1.0,0.8119,1.15
292,49718,2.0,0.8111,1.17
293,49842,0.0,0.8106,1.16
294,49967,0.0,0.8101,1.16
295,50119,1.0,0.8095,1.14
296,50464,5.0,0.8082,1.19
297,50616,1.0,0.8077,1.2
298,50786,1.0,0.807,1.19
299,51008,2.0,0.8062,1.2
300,51229,2.0,0.8053,1.21
301,51431,2.0,0.8046,1.22
302,51728,4.0,0.8034,1.24
303,51853,0.0,0.803,1.23
304,52023,1.0,0.8023,1.24
305,52322,4.0,0.8012,1.26
306,52492,1.0,0.8005,1.26
307,52615,0.0,0.8001,1.25
308,52786,1.0,0.7994,1.24
309,52938,1.0,0.7988,1.25
310,53109,1.0,0.7982,1.26
311,53261,1.0,0.7976,1.25
312,53385,0.0,0.7971,1.21
313,53558,1.0,0.7965,1.22
314,53757,2.0,0.7957,1.21
315,53909,1.0,0.7951,1.21
316,54106,2.0,0.7944,1.22
317,54259,1.0,0.7938,1.22
318,54384,0.0,0.7933,1.19
319,54555,1.0,0.7927,1.2
320,54725,1.0,0.792,1.18
321,54849,0.0,0.7916,1.18
322,54972,0.0,0.7911,1.18
323,55097,0.0,0.7906,1.17
324,55221,0.0,0.7902,1.16
325,55346,0.0,0.7897,1.15
326,55527,2.0,0.789,1.16
327,55651,0.0,0.7885,1.15
328,55882,3.0,0.7876,1.18
329,56099,2.0,0.7868,1.18
330,56300,2.0,0.7861,1.2
331,56425,0.0,0.7856,1.2
332,56751,5.0,0.7843,1.24
333,56961,3.0,0.7835,1.26
334,57083,0.0,0.7831,1.25
335,57282,2.0,0.7823,1.24
336,57452,1.0,0.7817,1.24
337,57633,2.0,0.781,1.26
338,57755,0.0,0.7805,1.26
339,58081,5.0,0.7793,1.31
340,58378,4.0,0.7782,1.31
341,58502,0.0,0.7777,1.3
342,58675,1.0,0.777,1.29
343,58874,2.0,0.7763,1.31
344,59046,1.0,0.7756,1.32
345,59170,0.0,0.7752,1.3
346,59295,0.0,0.7747,1.29
347,59464,1.0,0.774,1.26
348,59648,2.0,0.7733,1.27
349,59847,2.0,0.7726,1.25
350,60017,1.0,0.7719,1.25
351,60220,2.0,0.7712,1.26
352,60345,0.0,0.7707,1.26
353,60469,0.0,0.7702,1.25
354,60592,0.0,0.7698,1.25
355,60883,5.0,0.7686,1.29
356,61204,5.0,0.7674,1.34
357,61329,0.0,0.7669,1.34
358,61454,0.0,0.7665,1.3
359,61702,3.0,0.7655,1.33
360,62047,5.0,0.7642,1.37
361,62199,1.0,0.7636,1.37
362,62403,2.0,0.7629,1.38
363,62528,0.0,0.7624,1.36
364,62709,2.0,0.7617,1.35
365,62956,3.0,0.7608,1.38
366,63080,0.0,0.7603,1.37
367,63204,0.0,0.7598,1.34
368,63329,0.0,0.7593,1.34
369,63580,3.0,0.7584,1.36
370,63733,1.0,0.7578,1.34
371,63858,0.0,0.7573,1.34
372,64008,1.0,0.7568,1.33
373,64133,0.0,0.7563,1.33
374,64257,0.0,0.7558,1.32
375,64382,0.0,0.7553,1.29
376,64657,4.0,0.7543,1.31
377,64782,0.0,0.7538,1.3
378,64956,1.0,0.7532,1.29
379,65126,1.0,0.7525,1.3
380,65391,3.0,0.7515,1.32
381,65590,2.0,0.7508,1.34
382,65809,2.0,0.7499,1.34
383,65933,0.0,0.7495,1.34
384,66058,0.0,0.749,1.32
385,66183,0.0,0.7485,1.31
386,66383,2.0,0.7477,1.32
387,66564,2.0,0.7471,1.33
388,66687,0.0,0.7466,1.33
389,66859,1.0,0.7459,1.32
390,67030,1.0,0.7453,1.33
391,67199,1.0,0.7446,1.33
392,67324,0.0,0.7442,1.31
393,67448,0.0,0.7437,1.31
394,67622,1.0,0.743,1.32
395,67746,0.0,0.7426,1.31
396,68042,4.0,0.7414,1.3
397,68213,1.0,0.7408,1.3
398,68338,0.0,0.7403,1.29
399,68461,0.0,0.7398,1.27
400,68585,0.0,0.7394,1.25
401,68738,1.0,0.7388,1.24
402,68861,0.0,0.7383,1.2
403,69059,2.0,0.7376,1.22
404,69329,3.0,0.7365,1.24
405,69577,3.0,0.7356,1.23
406,69702,0.0,0.7351,1.22
407,69826,0.0,0.7347,1.22
408,69999,1.0,0.734,1.22
409,70265,3.0,0.733,1.24
410,70418,1.0,0.7324,1.24
411,70588,1.0,0.7318,1.24
412,70712,0.0,0.7313,1.24
413,70837,0.0,0.7308,1.23
414,70990,1.0,0.7302,1.22
415,71115,0.0,0.7298,1.21
416,71285,1.0,0.7291,1.2
417,71563,4.0,0.7281,1.23
418,71908,5.0,0.7267,1.28
419,72106,2.0,0.726,1.29
420,72276,1.0,0.7254,1.29
421,72401,0.0,0.7249,1.29
422,72554,1.0,0.7243,1.3
423,72705,1.0,0.7237,1.31
424,72877,1.0,0.7231,1.32
425,73074,2.0,0.7223,1.34
426,73248,1.0,0.7217,1.33
427,73475,3.0,0.7208,1.36
428,73645,1.0,0.7201,1.34
429,73768,0.0,0.7197,1.32
430,73920,1.0,0.7191,1.31
431,74044,0.0,0.7186,1.31
432,74263,2.0,0.7178,1.28
433,74445,2.0,0.7171,1.27
434,74570,0.0,0.7166,1.27
435,74741,1.0,0.716,1.26
436,74865,0.0,0.7155,1.25
437,75037,1.0,0.7149,1.24
438,75260,2.0,0.714,1.26
439,75459,2.0,0.7133,1.23
440,75582,0.0,0.7128,1.19
441,75809,3.0,0.7119,1.22
442,75982,1.0,0.7113,1.22
443,76181,2.0,0.7105,1.22
444,76305,0.0,0.71,1.21
445,76478,1.0,0.7094,1.22
446,76602,0.0,0.7089,1.22
447,76727,0.0,0.7084,1.21
448,76906,2.0,0.7078,1.21
449,77088,2.0,0.7071,1.21
450,77286,2.0,0.7063,1.22
451,77411,0.0,0.7058,1.2
452,77583,1.0,0.7052,1.21
453,77708,0.0,0.7047,1.21
454,77832,0.0,0.7042,1.21
455,77983,1.0,0.7037,1.17
456,78106,0.0,0.7032,1.12
457,78258,1.0,0.7026,1.13
458,78428,1.0,0.702,1.14
459,78552,0.0,0.7015,1.11
460,78722,1.0,0.7009,1.07
461,78847,0.0,0.7004,1.06
462,79028,2.0,0.6997,1.06
463,79152,0.0,0.6992,1.06
464,79277,0.0,0.6987,1.04
465,79401,0.0,0.6983,1.01
466,79526,0.0,0.6978,1.01
467,79651,0.0,0.6973,1.01
468,79776,0.0,0.6969,1.01
469,80046,3.0,0.6958,1.01
470,80272,3.0,0.695,1.03
471,80425,1.0,0.6944,1.04
472,80577,1.0,0.6938,1.04
473,80702,0.0,0.6933,1.04
474,80901,2.0,0.6926,1.06
475,81025,0.0,0.6921,1.06
476,81149,0.0,0.6916,1.02
477,81274,0.0,0.6912,1.02
478,81446,1.0,0.6905,1.02
479,81664,2.0,0.6897,1.03
480,81787,0.0,0.6892,1.0
481,82014,3.0,0.6883,1.01
482,82259,3.0,0.6874,1.02
483,82382,0.0,0.6869,1.02
484,82507,0.0,0.6865,1.02
485,82676,1.0,0.6858,1.03
486,82896,2.0,0.685,1.03
487,83066,1.0,0.6843,1.02
488,83343,4.0,0.6833,1.06
489,83467,0.0,0.6828,1.05
490,83621,1.0,0.6822,1.05
491,83791,1.0,0.6816,1.05
492,83916,0.0,0.6811,1.05
493,84113,2.0,0.6804,1.07
494,84236,0.0,0.6799,1.06
495,84388,1.0,0.6793,1.07
496,84734,5.0,0.678,1.08
497,84915,2.0,0.6773,1.09
498,85116,2.0,0.6766,1.11
499,85334,2.0,0.6757,1.13
500,85459,0.0,0.6753,1.13
501,85755,4.0,0.6741,1.16
502,85975,2.0,0.6733,1.18
503,86175,2.0,0.6725,1.18
504,86375,2.0,0.6718,1.17
505,86721,5.0,0.6705,1.19
506,86874,1.0,0.6699,1.2
507,86999,0.0,0.6694,1.2
508,87123,0.0,0.6689,1.19
509,87293,1.0,0.6683,1.17
510,87418,0.0,0.6678,1.16
511,87588,1.0,0.6672,1.16
512,87741,1.0,0.6666,1.17
513,87989,3.0,0.6656,1.2
514,88114,0.0,0.6652,1.19
515,88238,0.0,0.6647,1.19
516,88363,0.0,0.6642,1.18
517,88488,0.0,0.6637,1.14
518,88613,0.0,0.6633,1.09
519,88766,1.0,0.6627,1.08
520,88890,0.0,0.6622,1.07
521,89113,2.0,0.6614,1.09
522,89238,0.0,0.6609,1.08
523,89361,0.0,0.6604,1.07
524,89486,0.0,0.66,1.06
525,89685,2.0,0.6592,1.06
526,89885,2.0,0.6584,1.07
527,90010,0.0,0.658,1.04
528,90134,0.0,0.6575,1.03
529,90305,1.0,0.6568,1.04
530,90429,0.0,0.6564,1.03
531,90612,2.0,0.6557,1.05
532,90735,0.0,0.6552,1.03
533,90946,3.0,0.6544,1.04
534,91098,1.0,0.6538,1.05
535,91222,0.0,0.6534,1.04
536,91420,2.0,0.6526,1.06
537,91644,2.0,0.6518,1.07
538,91767,0.0,0.6513,1.05
539,91892,0.0,0.6508,1.03
540,92017,0.0,0.6503,1.03
541,92198,2.0,0.6496,1.02
542,92322,0.0,0.6492,1.01
543,92445,0.0,0.6487,0.99
544,92568,0.0,0.6482,0.99
545,92741,1.0,0.6476,0.99
546,92893,1.0,0.647,1.0
547,93063,1.0,0.6464,1.01
548,93265,2.0,0.6456,1.01
549,93390,0.0,0.6451,0.99
550,93515,0.0,0.6446,0.97
551,93838,5.0,0.6434,1.02
552,94010,1.0,0.6428,1.02
553,94229,2.0,0.6419,1.04
554,94400,1.0,0.6413,1.05
555,94717,4.0,0.6401,1.08
556,94841,0.0,0.6396,1.08
557,94994,1.0,0.639,1.08
558,95325,5.0,0.6378,1.12
559,95600,4.0,0.6367,1.16
560,95800,2.0,0.636,1.17
561,96068,3.0,0.6349,1.2
562,96318,3.0,0.634,1.21
563,96615,4.0,0.6329,1.25
564,96737,0.0,0.6324,1.25
565,96861,0.0,0.6319,1.25
566,96984,0.0,0.6315,1.25
567,97167,2.0,0.6308,1.27
568,97318,1.0,0.6302,1.28
569,97443,0.0,0.6297,1.25
570,97568,0.0,0.6292,1.22
571,97693,0.0,0.6288,1.21
572,97863,1.0,0.6281,1.21
573,97987,0.0,0.6276,1.21
574,98112,0.0,0.6272,1.19
575,98382,3.0,0.6261,1.22
576,98642,4.0,0.6252,1.26
577,98766,0.0,0.6247,1.26
578,98994,3.0,0.6238,1.28
579,99164,1.0,0.6232,1.27
580,99289,0.0,0.6227,1.27
581,99442,1.0,0.6221,1.25
582,99713,3.0,0.6211,1.25
583,99866,1.0,0.6205,1.26
584,99990,0.0,0.62,1.26
585,100211,2.0,0.6192,1.27
586,100382,1.0,0.6185,1.26
587,100553,1.0,0.6179,1.26
588,100706,1.0,0.6173,1.23
589,100831,0.0,0.6168,1.23
590,100956,0.0,0.6164,1.22
591,101183,3.0,0.6155,1.24
592,101306,0.0,0.615,1.24
593,101504,2.0,0.6143,1.24
594,101781,4.0,0.6132,1.28
595,101933,1.0,0.6127,1.28
596,102058,0.0,0.6122,1.23
597,102208,1.0,0.6116,1.22
598,102333,0.0,0.6111,1.2
599,102455,0.0,0.6107,1.18
600,102675,2.0,0.6098,1.2
601,102847,1.0,0.6092,1.17
602,103021,1.0,0.6085,1.16
603,103271,3.0,0.6076,1.17
604,103444,1.0,0.6069,1.16
605,103645,2.0,0.6061,1.13
606,103769,0.0,0.6057,1.12
607,103988,2.0,0.6048,1.14
608,104189,2.0,0.6041,1.16
609,104312,0.0,0.6036,1.15
610,104532,2.0,0.6028,1.17
611,104759,3.0,0.6019,1.19
612,104960,2.0,0.6012,1.2
613,105083,0.0,0.6007,1.17
614,105281,2.0,0.5999,1.19
615,105526,3.0,0.599,1.22
616,105773,3.0,0.5981,1.25
617,105954,2.0,0.5974,1.27
618,106078,0.0,0.5969,1.27
619,106230,1.0,0.5963,1.27
620,106354,0.0,0.5959,1.27
621,106506,1.0,0.5953,1.26
622,106631,0.0,0.5948,1.26
623,106804,1.0,0.5941,1.27
624,107034,3.0,0.5933,1.3
625,107204,1.0,0.5926,1.29
626,107357,1.0,0.592,1.28
627,107482,0.0,0.5916,1.28
628,107652,1.0,0.5909,1.29
629,107824,1.0,0.5903,1.29
630,107996,1.0,0.5896,1.3
631,108323,5.0,0.5884,1.33
632,108476,1.0,0.5878,1.34
633,108628,1.0,0.5872,1.32
634,108751,0.0,0.5867,1.31
635,108904,1.0,0.5862,1.32
636,109029,0.0,0.5857,1.3
637,109301,3.0,0.5847,1.31
638,109425,0.0,0.5842,1.31
639,109625,2.0,0.5834,1.33
640,109750,0.0,0.583,1.33
641,109875,0.0,0.5825,1.31
642,110000,0.0,0.582,1.31
643,110125,0.0,0.5815,1.31
644,110249,0.0,0.5811,1.31
645,110400,1.0,0.5805,1.31
646,110618,2.0,0.5797,1.32
647,110769,1.0,0.5791,1.32
648,110922,1.0,0.5785,1.31
649,111046,0.0,0.578,1.31
650,111171,0.0,0.5776,1.31
651,111370,2.0,0.5768,1.28
652,111590,2.0,0.576,1.29
653,111742,1.0,0.5754,1.28
654,111940,2.0,0.5746,1.29
655,112187,3.0,0.5737,1.28
656,112311,0.0,0.5732,1.28
657,112480,1.0,0.5726,1.28
658,112605,0.0,0.5721,1.23
659,112729,0.0,0.5716,1.19
660,112854,0.0,0.5712,1.17
661,113006,1.0,0.5706,1.15
662,113236,3.0,0.5697,1.15
663,113450,3.0,0.5689,1.14
664,113668,2.0,0.5681,1.16
665,113792,0.0,0.5676,1.16
666,113915,0.0,0.5671,1.16
667,114067,1.0,0.5665,1.15
668,114191,0.0,0.5661,1.14
669,114362,1.0,0.5654,1.15
670,114514,1.0,0.5648,1.16
671,114639,0.0,0.5644,1.16
672,114763,0.0,0.5639,1.15
673,114888,0.0,0.5634,1.15
674,115012,0.0,0.563,1.15
675,115230,2.0,0.5621,1.14
676,115353,0.0,0.5617,1.1
677,115505,1.0,0.5611,1.11
678,115629,0.0,0.5606,1.08
679,115799,1.0,0.56,1.08
680,116045,3.0,0.559,1.11
681,116169,0.0,0.5586,1.1
682,116293,0.0,0.5581,1.07
683,116418,0.0,0.5576,1.06
684,116639,2.0,0.5568,1.08
685,116791,1.0,0.5562,1.07
686,116943,1.0,0.5556,1.07
687,117113,1.0,0.555,1.07
688,117238,0.0,0.5545,1.06
689,117616,6.0,0.5531,1.12
690,117740,0.0,0.5526,1.12
691,118016,4.0,0.5515,1.13
692,118141,0.0,0.5511,1.13
693,118342,2.0,0.5503,1.13
694,118514,1.0,0.5496,1.1
695,118637,0.0,0.5492,1.09
696,118817,2.0,0.5485,1.11
697,119084,3.0,0.5475,1.13
698,119208,0.0,0.547,1.13
699,119333,0.0,0.5465,1.13
700,119456,0.0,0.5461,1.11
701,119581,0.0,0.5456,1.1
702,119706,0.0,0.5451,1.09
703,119927,2.0,0.5443,1.08
704,120198,3.0,0.5432,1.1
705,120323,0.0,0.5428,1.08
706,120675,8.0,0.5414,1.16
707,120799,0.0,0.541,1.14
708,120951,1.0,0.5404,1.13
709,121074,0.0,0.5399,1.13
710,121198,0.0,0.5394,1.11
711,121351,1.0,0.5389,1.09
712,121803,10.0,0.5371,1.17
713,121926,0.0,0.5367,1.17
714,122146,2.0,0.5358,1.17
715,122316,1.0,0.5352,1.15
716,122441,0.0,0.5347,1.12
717,122670,3.0,0.5339,1.13
718,122823,1.0,0.5333,1.14
719,122975,1.0,0.5327,1.14
720,123159,2.0,0.532,1.16
721,123282,0.0,0.5315,1.15
722,123452,1.0,0.5309,1.16
723,123751,4.0,0.5297,1.19
724,123875,0.0,0.5293,1.16
725,124073,2.0,0.5285,1.17
726,124318,4.0,0.5276,1.2
727,124537,2.0,0.5268,1.22
728,124688,1.0,0.5262,1.22
729,124858,1.0,0.5255,1.22
730,124980,0.0,0.5251,1.21
731,125150,1.0,0.5244,1.17
732,125274,0.0,0.524,1.16
733,125426,1.0,0.5234,1.16
734,125672,3.0,0.5224,1.19
735,125891,2.0,0.5216,1.2
736,126139,3.0,0.5207,1.23
737,126291,1.0,0.5201,1.21
738,126443,1.0,0.5195,1.22
739,126640,2.0,0.5188,1.22
740,126765,0.0,0.5183,1.22
741,126889,0.0,0.5178,1.22
742,127136,3.0,0.5169,1.25
743,127261,0.0,0.5164,1.25
744,127385,0.0,0.5159,1.25
745,127510,0.0,0.5155,1.24
746,127634,0.0,0.515,1.22
747,127759,0.0,0.5145,1.21
748,127957,2.0,0.5138,1.22
749,128108,1.0,0.5132,1.23
750,128404,4.0,0.5121,1.27
751,128529,0.0,0.5116,1.25
752,128653,0.0,0.5111,1.23
753,128776,0.0,0.5107,1.22
754,128976,2.0,0.5099,1.22
755,129101,0.0,0.5094,1.19
756,129226,0.0,0.5089,1.19
757,129351,0.0,0.5085,1.18
758,129504,1.0,0.5079,1.19
759,129673,1.0,0.5072,1.2
760,129798,0.0,0.5068,1.2
761,130012,3.0,0.506,1.22
762,130136,0.0,0.5055,1.19
763,130261,0.0,0.505,1.16
764,130384,0.0,0.5045,1.14
765,130690,5.0,0.5034,1.19
766,130967,4.0,0.5023,1.23
767,131215,3.0,0.5014,1.25
768,131340,0.0,0.5009,1.25
769,131492,1.0,0.5003,1.25
770,131615,0.0,0.4999,1.24
771,131863,3.0,0.4989,1.27
772,132111,3.0,0.498,1.3
773,132405,4.0,0.4969,1.34
774,132651,3.0,0.4959,1.37
775,132832,2.0,0.4952,1.37
776,132956,0.0,0.4948,1.37
777,133109,1.0,0.4942,1.37
778,133407,4.0,0.4931,1.41
779,133531,0.0,0.4926,1.4
780,133656,0.0,0.4921,1.37
781,133854,2.0,0.4914,1.39
782,133979,0.0,0.4909,1.39
783,134160,2.0,0.4902,1.41
784,134283,0.0,0.4897,1.39
785,134406,0.0,0.4893,1.38
786,134529,0.0,0.4888,1.37
787,134680,1.0,0.4882,1.37
788,134832,1.0,0.4876,1.38
789,134984,1.0,0.4871,1.33
790,135156,1.0,0.4864,1.34
791,135328,1.0,0.4858,1.31
792,135451,0.0,0.4853,1.31
793,135576,0.0,0.4848,1.29
794,135700,0.0,0.4843,1.28
795,136193,11.0,0.4825,1.39
796,136344,1.0,0.4819,1.38
797,136514,1.0,0.4812,1.36
798,136639,0.0,0.4808,1.36
799,136763,0.0,0.4803,1.36
800,136887,0.0,0.4798,1.36
801,137056,1.0,0.4792,1.37
802,137302,3.0,0.4783,1.4
803,137472,1.0,0.4776,1.39
804,137627,1.0,0.477,1.37
805,137849,2.0,0.4762,1.39
806,137974,0.0,0.4757,1.31
807,138157,2.0,0.475,1.33
808,138309,1.0,0.4744,1.33
809,138528,2.0,0.4736,1.35
810,138652,0.0,0.4731,1.35
811,138918,3.0,0.4721,1.37
812,139088,1.0,0.4715,1.28
813,139286,2.0,0.4707,1.3
814,139411,0.0,0.4702,1.28
815,139657,3.0,0.4693,1.3
816,139782,0.0,0.4688,1.3
817,139907,0.0,0.4684,1.27
818,140031,0.0,0.4679,1.26
819,140184,1.0,0.4673,1.26
820,140356,1.0,0.4666,1.25
821,140676,7.0,0.4654,1.32
822,140848,1.0,0.4648,1.32
823,141033,2.0,0.4641,1.3
824,141157,0.0,0.4636,1.3
825,141282,0.0,0.4631,1.28
826,141435,1.0,0.4625,1.25
827,141649,3.0,0.4617,1.26
828,141773,0.0,0.4613,1.25
829,141898,0.0,0.4608,1.24
830,142095,2.0,0.46,1.26
831,142220,0.0,0.4596,1.25
832,142393,1.0,0.4589,1.26
833,142516,0.0,0.4584,1.25
834,142668,1.0,0.4579,1.23
835,142792,0.0,0.4574,1.21
836,143057,3.0,0.4564,1.21
837,143182,0.0,0.4559,1.2
838,143307,0.0,0.4554,1.19
839,143430,0.0,0.455,1.17
840,143554,0.0,0.4545,1.17
841,143679,0.0,0.454,1.17
842,143849,1.0,0.4534,1.15
843,144002,1.0,0.4528,1.16
844,144271,3.0,0.4518,1.19
845,144424,1.0,0.4512,1.2
846,144547,0.0,0.4507,1.2
847,144893,5.0,0.4494,1.25
848,145015,0.0,0.4489,1.23
849,145167,1.0,0.4484,1.23
850,145290,0.0,0.4479,1.19
851,145414,0.0,0.4474,1.19
852,145710,4.0,0.4463,1.23
853,145909,2.0,0.4455,1.25
854,146178,3.0,0.4445,1.26
855,146301,0.0,0.4441,1.26
856,146424,0.0,0.4436,1.26
857,146549,0.0,0.4431,1.26
858,146818,3.0,0.4421,1.28
859,146991,1.0,0.4414,1.28
860,147420,10.0,0.4398,1.38
861,147544,0.0,0.4393,1.35
862,147743,2.0,0.4386,1.37
863,147895,1.0,0.438,1.38
864,148020,0.0,0.4375,1.38
865,148189,1.0,0.4369,1.34
866,148313,0.0,0.4364,1.3
867,148511,2.0,0.4357,1.29
868,148636,0.0,0.4352,1.29
869,148789,1.0,0.4346,1.29
870,148941,1.0,0.434,1.3
871,149066,0.0,0.4335,1.27
872,149191,0.0,0.4331,1.24
873,149314,0.0,0.4326,1.2
874,149439,0.0,0.4321,1.17
875,149564,0.0,0.4317,1.15
876,149733,1.0,0.431,1.16
877,149920,2.0,0.4303,1.17
878,150166,3.0,0.4294,1.16
879,150338,1.0,0.4287,1.17
880,150463,0.0,0.4282,1.17
881,150616,1.0,0.4277,1.16
882,150739,0.0,0.4272,1.16
883,150892,1.0,0.4266,1.15
884,151063,1.0,0.426,1.16
885,151186,0.0,0.4255,1.16
886,151434,3.0,0.4246,1.19
887,151636,2.0,0.4238,1.2
888,151887,3.0,0.4228,1.22
889,152061,1.0,0.4222,1.22
890,152213,1.0,0.4216,1.22
891,152336,0.0,0.4211,1.21
892,152510,1.0,0.4205,1.22
893,152709,2.0,0.4197,1.24
894,152907,2.0,0.419,1.26
895,153032,0.0,0.4185,1.15
896,153157,0.0,0.418,1.14
897,153339,2.0,0.4173,1.15
898,153513,1.0,0.4167,1.16
899,153667,1.0,0.4161,1.17
900,153792,0.0,0.4156,1.17
901,154039,3.0,0.4147,1.19
902,154164,0.0,0.4142,1.16
903,154334,1.0,0.4135,1.16
904,154533,2.0,0.4128,1.17
905,154704,1.0,0.4121,1.16
906,154885,2.0,0.4114,1.18
907,155055,1.0,0.4108,1.17
908,155286,3.0,0.4099,1.19
909,155411,0.0,0.4094,1.17
910,155534,0.0,0.409,1.17
911,155658,0.0,0.4085,1.14
912,155920,4.0,0.4075,1.17
913,156091,1.0,0.4069,1.16
914,156216,0.0,0.4064,1.16
915,156390,1.0,0.4057,1.14
916,156513,0.0,0.4053,1.14
917,156712,2.0,0.4045,1.16
918,156894,2.0,0.4038,1.18
919,157019,0.0,0.4033,1.17
920,157144,0.0,0.4029,1.16
921,157268,0.0,0.4024,1.09
922,157467,2.0,0.4016,1.1
923,157637,1.0,0.401,1.09
924,157866,3.0,0.4001,1.12
925,157988,0.0,0.3996,1.12
926,158113,0.0,0.3992,1.11
927,158238,0.0,0.3987,1.08
928,158485,3.0,0.3978,1.11
929,158638,1.0,0.3972,1.12
930,158837,2.0,0.3964,1.12
931,158991,1.0,0.3958,1.13
932,159193,2.0,0.3951,1.14
933,159391,2.0,0.3943,1.16
934,159543,1.0,0.3937,1.16
935,159694,1.0,0.3932,1.17
936,159865,1.0,0.3925,1.15
937,159988,0.0,0.392,1.15
938,160141,1.0,0.3915,1.16
939,160311,1.0,0.3908,1.17
940,160463,1.0,0.3902,1.18
941,160636,1.0,0.3896,1.19
942,160835,2.0,0.3888,1.2
943,160959,0.0,0.3884,1.19
944,161083,0.0,0.3879,1.16
945,161206,0.0,0.3874,1.15
946,161389,2.0,0.3867,1.17
947,161514,0.0,0.3862,1.12
948,161639,0.0,0.3858,1.12
949,161889,3.0,0.3848,1.14
950,162014,0.0,0.3843,1.14
951,162137,0.0,0.3839,1.14
952,162262,0.0,0.3834,1.1
953,162537,4.0,0.3824,1.12
954,162661,0.0,0.3819,1.09
955,162784,0.0,0.3814,1.09
956,162965,2.0,0.3807,1.11
957,163087,0.0,0.3803,1.11
958,163212,0.0,0.3798,1.08
959,163425,3.0,0.379,1.1
960,163717,4.0,0.3779,1.04
961,163842,0.0,0.3774,1.04
962,164041,2.0,0.3766,1.04
963,164193,1.0,0.3761,1.04
964,164423,3.0,0.3752,1.07
965,164622,2.0,0.3744,1.08
966,164822,2.0,0.3737,1.1
967,164947,0.0,0.3732,1.08
968,165100,1.0,0.3726,1.09
969,165344,3.0,0.3717,1.11
970,165592,3.0,0.3708,1.13
971,165745,1.0,0.3702,1.14
972,165869,0.0,0.3697,1.14
973,166039,1.0,0.3691,1.15
974,166190,1.0,0.3685,1.16
975,166418,3.0,0.3676,1.19
976,166543,0.0,0.3671,1.18
977,166742,2.0,0.3664,1.18
978,166965,2.0,0.3655,1.17
979,167117,1.0,0.365,1.17
980,167359,4.0,0.364,1.21
981,167531,1.0,0.3634,1.21
982,167702,1.0,0.3627,1.22
983,167854,1.0,0.3622,1.22
984,168024,1.0,0.3615,1.22
985,168194,1.0,0.3609,1.23
986,168319,0.0,0.3604,1.2
987,168595,4.0,0.3593,1.22
988,168874,4.0,0.3583,1.23
989,169100,3.0,0.3574,1.25
990,169252,1.0,0.3568,1.25
991,169403,1.0,0.3563,1.26
992,169630,3.0,0.3554,1.28
993,169781,1.0,0.3548,1.27
994,169934,1.0,0.3543,1.26
995,170181,3.0,0.3533,1.29
996,170363,2.0,0.3526,1.31
997,170533,1.0,0.352,1.3
998,170779,3.0,0.351,1.32
999,170953,1.0,0.3504,1.32
1000,171107,1.0,0.3498,1.33
1001,171375,3.0,0.3488,1.33
1002,171572,2.0,0.348,1.35
1003,171696,0.0,0.3476,1.34
1004,171848,1.0,0.347,1.33
1005,171973,0.0,0.3465,1.32
1006,172266,4.0,0.3454,1.34
1007,172447,2.0,0.3447,1.35
1008,172571,0.0,0.3442,1.32
1009,172723,1.0,0.3437,1.33
1010,172875,1.0,0.3431,1.34
1011,173101,3.0,0.3422,1.37
1012,173376,4.0,0.3412,1.37
1013,173574,2.0,0.3404,1.38
1014,173805,3.0,0.3395,1.41
1015,173974,1.0,0.3389,1.41
1016,174125,1.0,0.3383,1.42
1017,174277,1.0,0.3377,1.41
1018,174429,1.0,0.3372,1.4
1019,174581,1.0,0.3366,1.41
1020,174735,1.0,0.336,1.42
1021,174859,0.0,0.3355,1.42
1022,175059,2.0,0.3348,1.42
1023,175210,1.0,0.3342,1.42
1024,175429,2.0,0.3334,1.41
1025,175629,2.0,0.3326,1.43
1026,175813,2.0,0.3319,1.45
1027,175938,0.0,0.3314,1.45
1028,176061,0.0,0.331,1.42
1029,176262,2.0,0.3302,1.43
1030,176431,1.0,0.3296,1.42
1031,176554,0.0,0.3291,1.41
1032,176726,1.0,0.3284,1.4
1033,176960,3.0,0.3276,1.41
1034,177157,2.0,0.3268,1.42
1035,177432,4.0,0.3258,1.45
1036,177630,2.0,0.325,1.46
1037,177856,3.0,0.3241,1.49
1038,178028,1.0,0.3235,1.49
1039,178228,2.0,0.3227,1.5
1040,178475,3.0,0.3218,1.52
1041,178722,3.0,0.3209,1.54
1042,178873,1.0,0.3203,1.53
1043,179044,1.0,0.3196,1.54
1044,179271,3.0,0.3188,1.57
1045,179444,1.0,0.3181,1.58
1046,179614,1.0,0.3175,1.57
1047,179765,1.0,0.3169,1.58
1048,179933,1.0,0.3163,1.59
1049,180086,1.0,0.3157,1.57
1050,180284,2.0,0.3149,1.59
1051,180483,2.0,0.3142,1.61
1052,180682,2.0,0.3134,1.63
1053,180851,1.0,0.3128,1.6
1054,181053,2.0,0.312,1.62
1055,181251,2.0,0.3112,1.64
1056,181373,0.0,0.3108,1.62
1057,181620,3.0,0.3098,1.65
1058,181745,0.0,0.3094,1.65
1059,181946,2.0,0.3086,1.64
1060,182143,2.0,0.3079,1.62
1061,182266,0.0,0.3074,1.62
1062,182417,1.0,0.3068,1.61
1063,182588,1.0,0.3062,1.61
1064,182712,0.0,0.3057,1.58
1065,182837,0.0,0.3052,1.56
1066,183062,3.0,0.3044,1.57
1067,183231,1.0,0.3037,1.58
1068,183354,0.0,0.3033,1.57
1069,183525,1.0,0.3026,1.55
1070,183648,0.0,0.3021,1.52
1071,183773,0.0,0.3017,1.51
1072,183972,2.0,0.3009,1.53
1073,184125,1.0,0.3003,1.53
1074,184248,0.0,0.2999,1.52
1075,184371,0.0,0.2994,1.49
1076,184496,0.0,0.2989,1.49
1077,184695,2.0,0.2982,1.49
1078,184984,5.0,0.2971,1.52
1079,185153,1.0,0.2964,1.52
1080,185374,2.0,0.2956,1.5
1081,185544,1.0,0.2949,1.5
1082,185669,0.0,0.2945,1.49
1083,185794,0.0,0.294,1.48
1084,185918,0.0,0.2935,1.47
1085,186070,1.0,0.2929,1.47
1086,186195,0.0,0.2925,1.47
1087,186319,0.0,0.292,1.43
1088,186539,2.0,0.2912,1.41
1089,186691,1.0,0.2906,1.39
1090,186864,1.0,0.2899,1.39
1091,186988,0.0,0.2894,1.38
1092,187209,2.0,0.2886,1.37
1093,187333,0.0,0.2881,1.36
1094,187458,0.0,0.2877,1.35
1095,187583,0.0,0.2872,1.32
1096,187707,0.0,0.2867,1.3
1097,187830,0.0,0.2862,1.29
1098,188050,2.0,0.2854,1.28
1099,188271,2.0,0.2846,1.29
1100,188468,2.0,0.2838,1.3
1101,188638,1.0,0.2832,1.28
1102,188760,0.0,0.2827,1.26
1103,188884,0.0,0.2822,1.26
1104,189084,2.0,0.2815,1.27
1105,189333,3.0,0.2805,1.3
1106,189502,1.0,0.2799,1.27
1107,189777,4.0,0.2788,1.29
1108,189997,2.0,0.278,1.31
1109,190167,1.0,0.2774,1.31
1110,190338,1.0,0.2767,1.31
1111,190463,0.0,0.2762,1.28
1112,190642,2.0,0.2756,1.26
1113,190767,0.0,0.2751,1.24
1114,191016,3.0,0.2741,1.24
1115,191140,0.0,0.2737,1.23
1116,191338,2.0,0.2729,1.24
1117,191461,0.0,0.2724,1.23
1118,191614,1.0,0.2719,1.23
1119,191798,2.0,0.2712,1.24
1120,191951,1.0,0.2706,1.24
1121,192241,5.0,0.2695,1.29
1122,192365,0.0,0.269,1.27
1123,192534,1.0,0.2684,1.27
1124,192732,2.0,0.2676,1.27
1125,192904,1.0,0.267,1.26
1126,193087,2.0,0.2663,1.26
1127,193259,1.0,0.2656,1.27
1128,193382,0.0,0.2651,1.27
1129,193504,0.0,0.2647,1.25
1130,193627,0.0,0.2642,1.24
1131,193778,1.0,0.2636,1.25
1132,193930,1.0,0.2631,1.25
1133,194128,2.0,0.2623,1.24
1134,194252,0.0,0.2618,1.22
1135,194509,4.0,0.2609,1.22
1136,194738,3.0,0.26,1.23
1137,194862,0.0,0.2595,1.2
1138,194985,0.0,0.2591,1.19
1139,195108,0.0,0.2586,1.17
1140,195233,0.0,0.2581,1.14
1141,195358,0.0,0.2576,1.11
1142,195604,3.0,0.2567,1.13
1143,195803,2.0,0.2559,1.14
1144,196013,3.0,0.2552,1.14
1145,196163,1.0,0.2546,1.14
1146,196286,0.0,0.2541,1.13
1147,196456,1.0,0.2535,1.13
1148,196712,4.0,0.2525,1.16
1149,196910,2.0,0.2517,1.17
1150,197080,1.0,0.2511,1.16
1151,197326,3.0,0.2502,1.17
1152,197547,2.0,0.2493,1.17
1153,197745,2.0,0.2486,1.18
1154,198020,4.0,0.2475,1.2
1155,198171,1.0,0.247,1.19
1156,198323,1.0,0.2464,1.2
1157,198495,1.0,0.2457,1.18
1158,198619,0.0,0.2452,1.18
1159,198799,2.0,0.2446,1.18
1160,198922,0.0,0.2441,1.16
1161,199044,0.0,0.2436,1.16
1162,199196,1.0,0.2431,1.16
1163,199453,4.0,0.2421,1.19
1164,199576,0.0,0.2416,1.19
1165,199729,1.0,0.241,1.2
1166,199929,2.0,0.2403,1.19
1167,200198,4.0,0.2392,1.22
1168,200398,2.0,0.2385,1.24
1169,200665,4.0,0.2375,1.27
1170,200924,4.0,0.2365,1.31
1171,201137,3.0,0.2357,1.34
1172,201290,1.0,0.2351,1.33
1173,201460,1.0,0.2345,1.33
1174,201612,1.0,0.2339,1.34
1175,201736,0.0,0.2334,1.34
1176,201905,1.0,0.2328,1.35
1177,202087,2.0,0.2321,1.35
1178,202286,2.0,0.2313,1.32
1179,202486,2.0,0.2306,1.33
1180,202610,0.0,0.2301,1.31
1181,202762,1.0,0.2295,1.31
1182,203040,4.0,0.2284,1.35
1183,203192,1.0,0.2279,1.36
1184,203362,1.0,0.2272,1.37
1185,203578,2.0,0.2264,1.38
1186,203703,0.0,0.2259,1.38
1187,203905,2.0,0.2252,1.4
1188,204057,1.0,0.2246,1.39
1189,204257,2.0,0.2238,1.4
1190,204485,3.0,0.223,1.42
1191,204655,1.0,0.2223,1.43
1192,204826,1.0,0.2217,1.42
1193,204948,0.0,0.2212,1.42
1194,205348,9.0,0.2197,1.51
1195,205500,1.0,0.2191,1.52
1196,205651,1.0,0.2185,1.53
1197,205801,1.0,0.218,1.54
1198,206033,3.0,0.2171,1.55
1199,206156,0.0,0.2166,1.53
1200,206307,1.0,0.216,1.52
1201,206429,0.0,0.2156,1.51
1202,206580,1.0,0.215,1.52
1203,206846,4.0,0.214,1.56
1204,206970,0.0,0.2135,1.54
1205,207139,1.0,0.2129,1.52
1206,207322,2.0,0.2122,1.53
1207,207521,2.0,0.2114,1.51
1208,207701,2.0,0.2107,1.51
1209,207824,0.0,0.2103,1.5
1210,207948,0.0,0.2098,1.49
1211,208195,3.0,0.2089,1.52
1212,208320,0.0,0.2084,1.5
1213,208444,0.0,0.2079,1.5
1214,208568,0.0,0.2074,1.47
1215,208739,1.0,0.2068,1.48
1216,208910,1.0,0.2061,1.47
1217,209034,0.0,0.2057,1.47
1218,209158,0.0,0.2052,1.46
1219,209359,2.0,0.2044,1.46
1220,209527,1.0,0.2038,1.46
1221,209697,1.0,0.2032,1.42
1222,209849,1.0,0.2026,1.43
1223,210019,1.0,0.2019,1.43
1224,210171,1.0,0.2014,1.42
1225,210529,6.0,0.2,1.47
1226,210681,1.0,0.1994,1.46
1227,210831,1.0,0.1988,1.46
1228,210956,0.0,0.1984,1.46
1229,211139,2.0,0.1977,1.48
1230,211513,7.0,0.1963,1.55
1231,211717,2.0,0.1955,1.56
1232,211868,1.0,0.1949,1.56
1233,211990,0.0,0.1944,1.54
1234,212142,1.0,0.1939,1.55
1235,212293,1.0,0.1933,1.52
1236,212445,1.0,0.1927,1.5
1237,212569,0.0,0.1922,1.5
1238,212722,1.0,0.1917,1.51
1239,212846,0.0,0.1912,1.51
1240,212970,0.0,0.1907,1.51
1241,213122,1.0,0.1901,1.52
1242,213274,1.0,0.1896,1.5
1243,213397,0.0,0.1891,1.48
1244,213722,5.0,0.1879,1.5
1245,213845,0.0,0.1874,1.49
1246,213967,0.0,0.1869,1.49
1247,214380,6.0,0.1854,1.54
1248,214607,3.0,0.1845,1.53
1249,214732,0.0,0.184,1.51
1250,214856,0.0,0.1835,1.5
1251,214979,0.0,0.1831,1.47
1252,215103,0.0,0.1826,1.45
1253,215253,1.0,0.182,1.44
1254,215375,0.0,0.1816,1.4
1255,215528,1.0,0.181,1.4
1256,215698,1.0,0.1803,1.4
1257,215821,0.0,0.1799,1.39
1258,215944,0.0,0.1794,1.39
1259,216095,1.0,0.1788,1.38
1260,216322,3.0,0.178,1.41
1261,216503,2.0,0.1773,1.43
1262,216703,2.0,0.1765,1.44
1263,216900,2.0,0.1758,1.42
1264,217307,11.0,0.1742,1.53
1265,217432,0.0,0.1738,1.52
1266,217557,0.0,0.1733,1.5
1267,217708,1.0,0.1727,1.47
1268,217833,0.0,0.1722,1.45
1269,218001,1.0,0.1716,1.42
1270,218124,0.0,0.1711,1.38
1271,218248,0.0,0.1707,1.35
1272,218493,3.0,0.1697,1.37
1273,218674,2.0,0.169,1.38
1274,218827,1.0,0.1685,1.38
1275,218978,1.0,0.1679,1.39
1276,219148,1.0,0.1672,1.39
1277,219360,3.0,0.1664,1.4
1278,219557,2.0,0.1657,1.4
1279,219754,2.0,0.1649,1.4
1280,219876,0.0,0.1645,1.4
1281,220056,2.0,0.1638,1.41
1282,220179,0.0,0.1633,1.37
1283,220331,1.0,0.1627,1.37
1284,220456,0.0,0.1623,1.36
1285,220740,5.0,0.1612,1.39
1286,220991,3.0,0.1602,1.42
1287,221164,1.0,0.1596,1.41
1288,221362,2.0,0.1588,1.42
1289,221487,0.0,0.1583,1.4
1290,221640,1.0,0.1578,1.38
1291,221764,0.0,0.1573,1.37
1292,221887,0.0,0.1568,1.36
1293,222011,0.0,0.1564,1.36
1294,222182,1.0,0.1557,1.28
1295,222334,1.0,0.1551,1.28
1296,222532,2.0,0.1544,1.29
1297,222778,3.0,0.1534,1.31
1298,222997,2.0,0.1526,1.3
1299,223165,1.0,0.152,1.31
1300,223289,0.0,0.1515,1.3
1301,223441,1.0,0.1509,1.31
1302,223565,0.0,0.1505,1.3
1303,223812,3.0,0.1495,1.29
1304,223964,1.0,0.1489,1.3
1305,224214,3.0,0.148,1.32
1306,224442,3.0,0.1471,1.33
1307,224612,1.0,0.1465,1.32
1308,224793,2.0,0.1458,1.32
1309,225141,5.0,0.1445,1.37
1310,225265,0.0,0.144,1.37
1311,225465,2.0,0.1432,1.36
1312,225616,1.0,0.1427,1.37
1313,225768,1.0,0.1421,1.38
1314,225968,2.0,0.1413,1.4
1315,226166,2.0,0.1406,1.41
1316,226318,1.0,0.14,1.41
1317,226544,3.0,0.1391,1.44
1318,226771,3.0,0.1383,1.47
1319,227028,4.0,0.1373,1.49
1320,227150,0.0,0.1368,1.48
1321,227349,2.0,0.1361,1.49
1322,227652,5.0,0.1349,1.53
1323,227777,0.0,0.1344,1.52
1324,228022,3.0,0.1335,1.54
1325,228145,0.0,0.133,1.48
1326,228269,0.0,0.1326,1.47
1327,228439,1.0,0.1319,1.47
1328,228591,1.0,0.1314,1.48
1329,228788,2.0,0.1306,1.48
1330,228912,0.0,0.1301,1.41
1331,229112,2.0,0.1294,1.41
1332,229264,1.0,0.1288,1.41
1333,229389,0.0,0.1283,1.41
1334,229559,1.0,0.1277,1.41
1335,229684,0.0,0.1272,1.4
1336,229809,0.0,0.1267,1.39
1337,229961,1.0,0.1261,1.4
1338,230143,2.0,0.1255,1.41
1339,230344,2.0,0.1247,1.43
1340,230497,1.0,0.1241,1.44
1341,230676,2.0,0.1234,1.45
1342,230850,1.0,0.1228,1.45
1343,231096,3.0,0.1218,1.48
1344,231296,2.0,0.1211,1.45
1345,231449,1.0,0.1205,1.46
1346,231602,1.0,0.1199,1.47
1347,231725,0.0,0.1194,1.41
1348,231878,1.0,0.1189,1.39
1349,232050,1.0,0.1182,1.4
1350,232224,1.0,0.1175,1.41
1351,232376,1.0,0.117,1.42
1352,232605,3.0,0.1161,1.45
1353,232758,1.0,0.1155,1.45
1354,232956,2.0,0.1148,1.47
1355,233080,0.0,0.1143,1.46
1356,233251,1.0,0.1136,1.46
1357,233501,3.0,0.1127,1.49
1358,233625,0.0,0.1122,1.49
1359,233777,1.0,0.1116,1.49
1360,233902,0.0,0.1112,1.46
1361,234146,3.0,0.1102,1.47
1362,234345,2.0,0.1095,1.47
1363,234696,7.0,0.1082,1.52
1364,234821,0.0,0.1077,1.41
1365,234974,1.0,0.1071,1.42
1366,235221,3.0,0.1062,1.45
1367,235374,1.0,0.1056,1.45
1368,235526,1.0,0.105,1.46
1369,235651,0.0,0.1045,1.45
1370,236025,6.0,0.1031,1.51
1371,236178,1.0,0.1025,1.52
1372,236398,2.0,0.1017,1.51
1373,236522,0.0,0.1012,1.49
1374,236798,4.0,0.1002,1.52
1375,236923,0.0,0.0997,1.51
1376,237173,3.0,0.0987,1.53
1377,237298,0.0,0.0983,1.5
1378,237450,1.0,0.0977,1.49
1379,237676,3.0,0.0968,1.5
1380,237801,0.0,0.0964,1.5
1381,237953,1.0,0.0958,1.49
1382,238204,3.0,0.0948,1.52
1383,238326,0.0,0.0944,1.51
1384,238575,3.0,0.0934,1.54
1385,238775,2.0,0.0927,1.51
1386,238927,1.0,0.0921,1.49
1387,239106,2.0,0.0914,1.5
1388,239443,6.0,0.0901,1.54
1389,239691,3.0,0.0892,1.57
1390,239843,1.0,0.0886,1.57
1391,239996,1.0,0.088,1.58
1392,240216,2.0,0.0872,1.6
1393,240369,1.0,0.0866,1.61
1394,240551,2.0,0.0859,1.62
1395,240703,1.0,0.0853,1.62
1396,240854,1.0,0.0848,1.61
1397,241025,1.0,0.0841,1.59
1398,241150,0.0,0.0836,1.57
1399,241275,0.0,0.0832,1.56
1400,241572,4.0,0.082,1.6
1401,241851,4.0,0.081,1.63
1402,242032,2.0,0.0803,1.65
1403,242376,6.0,0.079,1.68
1404,242499,0.0,0.0785,1.67
1405,242841,6.0,0.0772,1.7
1406,243042,2.0,0.0764,1.69
1407,243269,3.0,0.0756,1.71
1408,243489,2.0,0.0747,1.71
1409,243765,4.0,0.0737,1.7
1410,243917,1.0,0.0731,1.71
1411,244042,0.0,0.0726,1.69
1412,244242,2.0,0.0719,1.7
1413,244394,1.0,0.0713,1.7
1414,244625,3.0,0.0704,1.71
1415,244946,6.0,0.0692,1.75
1416,245220,4.0,0.0682,1.78
1417,245374,1.0,0.0676,1.76
1418,245545,1.0,0.0669,1.74
1419,245669,0.0,0.0665,1.7
1420,245850,2.0,0.0658,1.72
1421,246133,4.0,0.0647,1.74
1422,246284,1.0,0.0641,1.7
1423,246497,3.0,0.0633,1.73
1424,246622,0.0,0.0628,1.7
1425,246774,1.0,0.0623,1.71
1426,246899,0.0,0.0618,1.71
1427,247024,0.0,0.0613,1.7
1428,247238,3.0,0.0605,1.72
1429,247391,1.0,0.0599,1.71
1430,247564,1.0,0.0593,1.72
1431,247686,0.0,0.0588,1.7
1432,247839,1.0,0.0582,1.7
1433,247963,0.0,0.0577,1.7
1434,248175,3.0,0.0569,1.72
1435,248435,4.0,0.0559,1.76
1436,248587,1.0,0.0554,1.77
1437,248812,3.0,0.0545,1.79
1438,248937,0.0,0.054,1.77
1439,249286,5.0,0.0527,1.8
1440,249485,2.0,0.052,1.81
1441,249638,1.0,0.0514,1.8
1442,249836,2.0,0.0506,1.81
1443,249986,1.0,0.0501,1.79
1444,250110,0.0,0.05,1.77
1445,250262,1.0,0.05,1.77
1446,250617,6.0,0.05,1.82
1447,250838,2.0,0.05,1.84
1448,251061,2.0,0.05,1.85
1449,251258,2.0,0.05,1.86
1450,251488,3.0,0.05,1.88
1451,251613,0.0,0.05,1.87
1452,251886,5.0,0.05,1.89
1453,252115,3.0,0.05,1.91
1454,252295,2.0,0.05,1.91
1455,252543,3.0,0.05,1.94
1456,252743,2.0,0.05,1.95
1457,253002,4.0,0.05,1.96
1458,253173,1.0,0.05,1.97
1459,253433,4.0,0.05,2.0
1460,253658,2.0,0.05,2.02
1461,253811,1.0,0.05,2.0
1462,253936,0.0,0.05,1.98
1463,254250,5.0,0.05,1.96
1464,254461,3.0,0.05,1.99
1465,254643,2.0,0.05,2.0
1466,254824,2.0,0.05,1.99
1467,254949,0.0,0.05,1.98
1468,255206,4.0,0.05,2.01
1469,255419,3.0,0.05,2.04
1470,255544,0.0,0.05,1.98
1471,255847,5.0,0.05,2.02
1472,256029,2.0,0.05,2.02
1473,256306,4.0,0.05,2.06
1474,256602,4.0,0.05,2.06
1475,256959,6.0,0.05,2.12
1476,257204,3.0,0.05,2.12
1477,257430,3.0,0.05,2.15
1478,257554,0.0,0.05,2.14
1479,257735,2.0,0.05,2.13
1480,257888,1.0,0.05,2.14
1481,258013,0.0,0.05,2.13
1482,258197,2.0,0.05,2.12
1483,258351,1.0,0.05,2.13
1484,258476,0.0,0.05,2.1
1485,258647,1.0,0.05,2.09
1486,258821,1.0,0.05,2.09
1487,259076,4.0,0.05,2.11
1488,259228,1.0,0.05,2.06
1489,259543,4.0,0.05,2.07
1490,259885,6.0,0.05,2.12
1491,260008,0.0,0.05,2.11
1492,260159,1.0,0.05,2.1
1493,260341,2.0,0.05,2.11
1494,260567,3.0,0.05,2.12
1495,260719,1.0,0.05,2.12
1496,260892,1.0,0.05,2.12
1497,261188,8.0,0.05,2.19
1498,261436,3.0,0.05,2.22
1499,261787,6.0,0.05,2.28
1500,261910,0.0,0.05,2.24
1501,262169,4.0,0.05,2.24
1502,262340,1.0,0.05,2.23
1503,262607,11.0,0.05,2.28
1504,262732,0.0,0.05,2.28
1505,263026,5.0,0.05,2.27
1506,263151,0.0,0.05,2.25
1507,263303,1.0,0.05,2.23
1508,263485,2.0,0.05,2.23
1509,263808,6.0,0.05,2.25
1510,264053,7.0,0.05,2.31
1511,264262,3.0,0.05,2.34
1512,264558,5.0,0.05,2.37
1513,264682,0.0,0.05,2.36
1514,264835,1.0,0.05,2.34
1515,265105,3.0,0.05,2.31
1516,265413,5.0,0.05,2.32
1517,265707,4.0,0.05,2.35
1518,266013,5.0,0.05,2.39
1519,266213,2.0,0.05,2.41
1520,266392,2.0,0.05,2.41
1521,266571,2.0,0.05,2.39
1522,266926,10.0,0.05,2.48
1523,267140,3.0,0.05,2.48
1524,267320,2.0,0.05,2.5
1525,267616,12.0,0.05,2.61
1526,267769,1.0,0.05,2.62
1527,267921,1.0,0.05,2.63
1528,268046,0.0,0.05,2.6
1529,268227,2.0,0.05,2.61
1530,268517,5.0,0.05,2.65
1531,268784,11.0,0.05,2.76
1532,269028,3.0,0.05,2.78
1533,269295,4.0,0.05,2.82
1534,269419,0.0,0.05,2.79
1535,269718,4.0,0.05,2.79
1536,269965,3.0,0.05,2.81
1537,270149,2.0,0.05,2.8
1538,270394,7.0,0.05,2.87
1539,270518,0.0,0.05,2.82
1540,270730,3.0,0.05,2.83
1541,270929,2.0,0.05,2.84
1542,271109,2.0,0.05,2.84
1543,271354,7.0,0.05,2.9
1544,271615,4.0,0.05,2.94
1545,271922,5.0,0.05,2.98
1546,272074,1.0,0.05,2.93
1547,272322,3.0,0.05,2.94
1548,272627,6.0,0.05,2.98
1549,272806,2.0,0.05,2.98
1550,272987,2.0,0.05,2.97
1551,273331,5.0,0.05,3.02
1552,273528,2.0,0.05,2.99
1553,273726,2.0,0.05,2.98
1554,273907,2.0,0.05,2.98
1555,274275,5.0,0.05,3.0
1556,274519,3.0,0.05,3.01
1557,274699,2.0,0.05,2.99
1558,274946,3.0,0.05,3.01
1559,275191,7.0,0.05,3.04
1560,275466,4.0,0.05,3.06
1561,275755,5.0,0.05,3.1
1562,276075,6.0,0.05,3.16
1563,276226,1.0,0.05,3.12
1564,276454,3.0,0.05,3.12
1565,276662,3.0,0.05,3.13
1566,276988,5.0,0.05,3.16
1567,277140,1.0,0.05,3.17
1568,277398,4.0,0.05,3.17
1569,277550,1.0,0.05,3.15
1570,277808,4.0,0.05,3.19
1571,277931,0.0,0.05,3.14
1572,278225,5.0,0.05,3.17
1573,278452,3.0,0.05,3.16
1574,278575,0.0,0.05,3.12
1575,278820,7.0,0.05,3.13
1576,279000,2.0,0.05,3.12
1577,279181,2.0,0.05,3.11
1578,279462,4.0,0.05,3.15
1579,279720,4.0,0.05,3.17
1580,280043,5.0,0.05,3.21
1581,280338,8.0,0.05,3.29
1582,280462,0.0,0.05,3.27
1583,280757,13.0,0.05,3.39
1584,280938,2.0,0.05,3.41
1585,281119,2.0,0.05,3.42
1586,281364,7.0,0.05,3.48
1587,281546,2.0,0.05,3.46
1588,281841,5.0,0.05,3.5
1589,282160,12.0,0.05,3.58
1590,282738,19.0,0.05,3.71
1591,283373,13.0,0.05,3.84
1592,283583,3.0,0.05,3.86
1593,283973,7.0,0.05,3.91
1594,284125,1.0,0.05,3.89
1595,284305,2.0,0.05,3.9
1596,284503,2.0,0.05,3.91
1597,284773,5.0,0.05,3.88
1598,285002,3.0,0.05,3.88
1599,285154,1.0,0.05,3.83
1600,285542,14.0,0.05,3.97
1601,285667,0.0,0.05,3.93
1602,286124,15.0,0.05,4.07
1603,286490,9.0,0.05,4.05
1604,286694,2.0,0.05,4.07
1605,287179,16.0,0.05,4.18
1606,287587,15.0,0.05,4.33
1607,287939,10.0,0.05,4.42
1608,288318,7.0,0.05,4.47
1609,288743,7.0,0.05,4.48
1610,289161,8.0,0.05,4.49
1611,289672,10.0,0.05,4.56
1612,290188,10.0,0.05,4.61
1613,290417,3.0,0.05,4.64
1614,290596,2.0,0.05,4.65
1615,290965,7.0,0.05,4.69
1616,291257,8.0,0.05,4.72
1617,291533,8.0,0.05,4.76
1618,291856,9.0,0.05,4.8
1619,292208,6.0,0.05,4.84
1620,292441,3.0,0.05,4.85
1621,292891,23.0,0.05,5.06
1622,293244,7.0,0.05,5.03
1623,293512,4.0,0.05,5.04
1624,293864,7.0,0.05,5.09
1625,294368,10.0,0.05,5.07
1626,294975,26.0,0.05,5.32
1627,295378,9.0,0.05,5.4
1628,295809,25.0,0.05,5.65
1629,296269,13.0,0.05,5.76
1630,296769,9.0,0.05,5.8
1631,297140,7.0,0.05,5.76
1632,297787,17.0,0.05,5.9
1633,298066,4.0,0.05,5.9
1634,298510,15.0,0.05,6.05
1635,299136,20.0,0.05,6.21
1636,299474,17.0,0.05,6.35
1637,299906,9.0,0.05,6.42
1638,300370,10.0,0.05,6.45
1639,300667,8.0,0.05,6.53
1640,301058,9.0,0.05,6.59
1641,301673,38.0,0.05,6.95
1642,301904,3.0,0.05,6.96
1643,302270,7.0,0.05,6.96
1644,302566,8.0,0.05,7.0
1645,302798,3.0,0.05,6.98
1646,303456,15.0,0.05,7.12
1647,303783,9.0,0.05,7.18
1648,304298,15.0,0.05,7.27
1649,304645,13.0,0.05,7.38
1650,305000,7.0,0.05,7.43
1651,305300,5.0,0.05,7.43
1652,305768,16.0,0.05,7.57
1653,306108,6.0,0.05,7.61
1654,306589,28.0,0.05,7.87
1655,306967,6.0,0.05,7.88
1656,307322,6.0,0.05,7.91
1657,307791,12.0,0.05,8.01
1658,308220,16.0,0.05,8.14
1659,308500,12.0,0.05,8.19
1660,308904,9.0,0.05,8.24
1661,309233,8.0,0.05,8.27
1662,309744,18.0,0.05,8.39
1663,310413,22.0,0.05,8.6
1664,310809,28.0,0.05,8.85
1665,311392,12.0,0.05,8.94
1666,311640,3.0,0.05,8.92
1667,311999,10.0,0.05,9.01
1668,312636,23.0,0.05,9.2
1669,313158,10.0,0.05,9.29
1670,313725,12.0,0.05,9.37
1671,314166,8.0,0.05,9.45
1672,314728,11.0,0.05,9.51
1673,315143,15.0,0.05,9.63
1674,315559,7.0,0.05,9.7
1675,316137,15.0,0.05,9.78
1676,316527,11.0,0.05,9.87
1677,317016,13.0,0.05,9.98
1678,317531,14.0,0.05,10.08
1679,317985,19.0,0.05,10.23
1680,318505,14.0,0.05,10.32
1681,319018,18.0,0.05,10.42
1682,319311,5.0,0.05,10.47
1683,320002,25.0,0.05,10.59
1684,320715,27.0,0.05,10.84
1685,321374,28.0,0.05,11.1
1686,322191,27.0,0.05,11.3
1687,323071,27.0,0.05,11.55
1688,323817,23.0,0.05,11.73
1689,324425,30.0,0.05,11.91
1690,324935,10.0,0.05,11.82
1691,325540,22.0,0.05,11.91
1692,325922,22.0,0.05,12.1
1693,326539,15.0,0.05,12.18
1694,326877,9.0,0.05,12.26
1695,327341,16.0,0.05,12.4
1696,327987,16.0,0.05,12.54
1697,328566,25.0,0.05,12.74
1698,329286,16.0,0.05,12.87
1699,329751,21.0,0.05,13.07
1700,330309,32.0,0.05,13.25
1701,330904,16.0,0.05,13.41
1702,331398,14.0,0.05,13.4
1703,331966,19.0,0.05,13.5
1704,332606,21.0,0.05,13.69
1705,333420,26.0,0.05,13.79
1706,333956,19.0,0.05,13.83
1707,334483,16.0,0.05,13.89
1708,335022,14.0,0.05,13.96
1709,335581,27.0,0.05,14.16
1710,336294,21.0,0.05,14.29
1711,336822,16.0,0.05,14.35
1712,337425,13.0,0.05,14.38
1713,338289,27.0,0.05,14.62
1714,338894,13.0,0.05,14.73
1715,339416,19.0,0.05,14.85
1716,340195,26.0,0.05,15.03
1717,340740,17.0,0.05,15.12
1718,341334,27.0,0.05,15.3
1719,341894,16.0,0.05,15.4
1720,342860,56.0,0.05,15.93
1721,343605,19.0,0.05,15.89
1722,344075,13.0,0.05,15.95
1723,344740,18.0,0.05,16.09
1724,345467,21.0,0.05,16.23
1725,346299,24.0,0.05,16.37
1726,347107,28.0,0.05,16.39
1727,347990,24.0,0.05,16.54
1728,348681,20.0,0.05,16.49
1729,349276,18.0,0.05,16.54
1730,349839,23.0,0.05,16.68
1731,350368,12.0,0.05,16.73
1732,350901,10.0,0.05,16.66
1733,351546,14.0,0.05,16.76
1734,352161,14.0,0.05,16.75
1735,352985,23.0,0.05,16.78
1736,353690,18.0,0.05,16.79
1737,354322,16.0,0.05,16.86
1738,355171,22.0,0.05,16.98
1739,355925,23.0,0.05,17.13
1740,356420,11.0,0.05,17.15
1741,357550,42.0,0.05,17.19
1742,358181,22.0,0.05,17.38
1743,358752,16.0,0.05,17.47
1744,359515,21.0,0.05,17.6
1745,360143,19.0,0.05,17.76
1746,360494,7.0,0.05,17.68
1747,361173,16.0,0.05,17.75
1748,361895,20.0,0.05,17.8
1749,362599,27.0,0.05,17.94
1750,363664,43.0,0.05,18.3
1751,364189,25.0,0.05,18.5
1752,364788,17.0,0.05,18.51
1753,365222,9.0,0.05,18.54
1754,365637,13.0,0.05,18.39
1755,366145,11.0,0.05,18.44
1756,366744,25.0,0.05,18.63
1757,367488,22.0,0.05,18.73
1758,367978,10.0,0.05,18.67
1759,368506,14.0,0.05,18.69
1760,369057,23.0,0.05,18.83
1761,369824,45.0,0.05,19.2
1762,370584,21.0,0.05,19.23
1763,371263,38.0,0.05,19.39
1764,372553,49.0,0.05,19.6
1765,373151,16.0,0.05,19.64
1766,373787,14.0,0.05,19.75
1767,374474,22.0,0.05,19.87
1768,375087,17.0,0.05,19.81
1769,375501,9.0,0.05,19.8
1770,375947,13.0,0.05,19.81
1771,376659,24.0,0.05,19.97
1772,377056,7.0,0.05,19.93
1773,377712,17.0,0.05,19.95
1774,378408,20.0,0.05,20.08
1775,379238,25.0,0.05,20.18
1776,380109,28.0,0.05,20.35
1777,380612,27.0,0.05,20.49
1778,381177,15.0,0.05,20.5
1779,381710,11.0,0.05,20.42
1780,382209,10.0,0.05,20.38
1781,382709,9.0,0.05,20.29
1782,383435,17.0,0.05,20.41
1783,384078,17.0,0.05,20.33
1784,384706,21.0,0.05,20.27
1785,385185,14.0,0.05,20.13
1786,385856,24.0,0.05,20.1
1787,386417,12.0,0.05,19.95
1788,386972,15.0,0.05,19.87
1789,387518,11.0,0.05,19.68
1790,388180,16.0,0.05,19.74
1791,388539,6.0,0.05,19.58
1792,389260,17.0,0.05,19.53
1793,389849,12.0,0.05,19.5
1794,390568,24.0,0.05,19.65
1795,391329,20.0,0.05,19.69
1796,392151,34.0,0.05,19.87
1797,392592,13.0,0.05,19.75
1798,393326,17.0,0.05,19.76
1799,394341,37.0,0.05,19.92
1800,394890,16.0,0.05,19.76
1801,395448,14.0,0.05,19.74
1802,396018,16.0,0.05,19.76
1803,396902,29.0,0.05,19.86
1804,397863,42.0,0.05,20.07
1805,398589,21.0,0.05,20.02
1806,399163,15.0,0.05,19.98
1807,399973,30.0,0.05,20.12
1808,400518,12.0,0.05,20.1
1809,401209,22.0,0.05,20.05
1810,401960,31.0,0.05,20.15
1811,402600,15.0,0.05,20.14
1812,403187,20.0,0.05,20.21
1813,403910,21.0,0.05,20.15
1814,404384,11.0,0.05,20.13
1815,405180,29.0,0.05,20.23
1816,405998,21.0,0.05,20.18
1817,406823,41.0,0.05,20.42
1818,407711,28.0,0.05,20.43
1819,408348,36.0,0.05,20.63
1820,409124,26.0,0.05,20.33
1821,409762,28.0,0.05,20.42
1822,410319,26.0,0.05,20.55
1823,410857,32.0,0.05,20.69
1824,411370,29.0,0.05,20.77
1825,412019,22.0,0.05,20.75
1826,412579,19.0,0.05,20.66
1827,413344,22.0,0.05,20.64
1828,413991,19.0,0.05,20.63
1829,414878,25.0,0.05,20.7
1830,415438,28.0,0.05,20.75
1831,416194,23.0,0.05,20.86
1832,417057,24.0,0.05,21.0
1833,417712,15.0,0.05,21.01
1834,418273,20.0,0.05,21.07
1835,418880,13.0,0.05,20.97
1836,419613,21.0,0.05,21.0
1837,420209,40.0,0.05,21.24
1838,420975,22.0,0.05,21.24
1839,421360,9.0,0.05,21.1
1840,421786,15.0,0.05,21.14
1841,422337,16.0,0.05,20.88
1842,423052,41.0,0.05,21.07
1843,423705,15.0,0.05,21.06
1844,424423,16.0,0.05,21.01
1845,425169,28.0,0.05,21.1
1846,426065,33.0,0.05,21.36
1847,426478,8.0,0.05,21.28
1848,427070,13.0,0.05,21.21
1849,427746,16.0,0.05,21.1
1850,428556,20.0,0.05,20.87
1851,429482,36.0,0.05,20.98
1852,429938,10.0,0.05,20.91
1853,430543,22.0,0.05,21.04
1854,431095,35.0,0.05,21.26
1855,431684,25.0,0.05,21.4
1856,432592,26.0,0.05,21.41
1857,433380,28.0,0.05,21.47
1858,434186,37.0,0.05,21.74
1859,434976,22.0,0.05,21.82
1860,435814,25.0,0.05,21.84
1861,436423,16.0,0.05,21.55
1862,437200,30.0,0.05,21.64
1863,438163,27.0,0.05,21.53
1864,438877,24.0,0.05,21.28
1865,439561,29.0,0.05,21.41
1866,440407,27.0,0.05,21.54
1867,441525,37.0,0.05,21.69
1868,442553,43.0,0.05,21.95
1869,443414,25.0,0.05,22.11
1870,444267,45.0,0.05,22.43
1871,444943,26.0,0.05,22.45
1872,445603,22.0,0.05,22.6
1873,445932,6.0,0.05,22.49
1874,446701,25.0,0.05,22.54
1875,447661,36.0,0.05,22.65
1876,448438,27.0,0.05,22.64
1877,449179,21.0,0.05,22.58
1878,449747,14.0,0.05,22.57
1879,450276,12.0,0.05,22.58
1880,451006,19.0,0.05,22.67
1881,451970,45.0,0.05,23.03
1882,452697,23.0,0.05,23.09
1883,453393,18.0,0.05,23.1
1884,454439,42.0,0.05,23.31
1885,455101,17.0,0.05,23.34
1886,455902,35.0,0.05,23.45
1887,456422,19.0,0.05,23.52
1888,457238,27.0,0.05,23.64
1889,457987,21.0,0.05,23.74
1890,458706,41.0,0.05,23.99
1891,459208,31.0,0.05,24.24
1892,460230,41.0,0.05,24.48
1893,461016,33.0,0.05,24.69
1894,461691,24.0,0.05,24.69
1895,462522,33.0,0.05,24.82
1896,463063,10.0,0.05,24.58
1897,463418,6.0,0.05,24.51
1898,464027,20.0,0.05,24.54
1899,464812,31.0,0.05,24.48
1900,465366,28.0,0.05,24.6
1901,466256,34.0,0.05,24.8
1902,467157,30.0,0.05,24.94
1903,467822,20.0,0.05,24.85
1904,468609,19.0,0.05,24.62
1905,469214,33.0,0.05,24.74
1906,469788,14.0,0.05,24.73
1907,470303,35.0,0.05,24.78
1908,471330,39.0,0.05,25.05
1909,472089,25.0,0.05,25.08
1910,472805,33.0,0.05,25.1
1911,473926,40.0,0.05,25.35
1912,474914,35.0,0.05,25.5
1913,475554,38.0,0.05,25.67
1914,476588,33.0,0.05,25.89
1915,477263,18.0,0.05,25.78
1916,477962,30.0,0.05,25.87
1917,478625,40.0,0.05,25.86
1918,479166,18.0,0.05,25.76
1919,479751,23.0,0.05,25.63
1920,480458,22.0,0.05,25.59
1921,481117,41.0,0.05,25.72
1922,481707,25.0,0.05,25.71
1923,482352,15.0,0.05,25.54
1924,483128,21.0,0.05,25.46
1925,483663,15.0,0.05,25.39
1926,484136,11.0,0.05,25.31
1927,484908,30.0,0.05,25.39
1928,485775,28.0,0.05,25.48
1929,486772,40.0,0.05,25.63
1930,487476,25.0,0.05,25.6
1931,488270,43.0,0.05,25.8
1932,489207,37.0,0.05,25.93
1933,490258,52.0,0.05,26.3
1934,491125,23.0,0.05,26.33
1935,492296,45.0,0.05,26.65
1936,493177,24.0,0.05,26.68
1937,494262,36.0,0.05,26.64
1938,494852,13.0,0.05,26.55
1939,495498,13.0,0.05,26.59
1940,496543,32.0,0.05,26.76
1941,497392,44.0,0.05,27.04
1942,498521,44.0,0.05,27.07
1943,499203,23.0,0.05,27.15
1944,499880,16.0,0.05,27.15
1945,500711,30.0,0.05,27.17
1946,501363,16.0,0.05,27.0
1947,502285,34.0,0.05,27.26
1948,503026,19.0,0.05,27.32
1949,504026,43.0,0.05,27.59
1950,505170,39.0,0.05,27.78
1951,505968,22.0,0.05,27.64
1952,506500,13.0,0.05,27.67
1953,507382,26.0,0.05,27.71
1954,507988,33.0,0.05,27.69
1955,508893,33.0,0.05,27.77
1956,509652,22.0,0.05,27.73
1957,510824,38.0,0.05,27.83
1958,511528,25.0,0.05,27.71
1959,512191,26.0,0.05,27.75
1960,513307,42.0,0.05,27.92
1961,514043,18.0,0.05,27.94
1962,514736,24.0,0.05,27.88
1963,515643,47.0,0.05,28.08
1964,516429,40.0,0.05,28.24
1965,517405,42.0,0.05,28.37
1966,518307,29.0,0.05,28.39
1967,519735,61.0,0.05,28.63
1968,520699,30.0,0.05,28.5
1969,521629,242.0,0.05,30.67
1970,522418,36.0,0.05,30.58
1971,523355,25.0,0.05,30.57
1972,524244,32.0,0.05,30.67
1973,525583,60.0,0.05,31.21
1974,526282,37.0,0.05,31.33
1975,527052,26.0,0.05,31.23
1976,527636,13.0,0.05,31.09
1977,528337,19.0,0.05,31.07
1978,529667,50.0,0.05,31.43
1979,531132,58.0,0.05,31.89
1980,532340,39.0,0.05,32.09
1981,533161,29.0,0.05,31.93
1982,534279,42.0,0.05,32.12
1983,535493,52.0,0.05,32.46
1984,536361,46.0,0.05,32.5
1985,537060,18.0,0.05,32.51
1986,537769,20.0,0.05,32.36
1987,538670,39.0,0.05,32.56
1988,539572,35.0,0.05,32.64
1989,540685,48.0,0.05,32.91
1990,541238,20.0,0.05,32.7
1991,542090,37.0,0.05,32.76
1992,542946,27.0,0.05,32.62
1993,544101,40.0,0.05,32.69
1994,544863,25.0,0.05,32.7
1995,546126,57.0,0.05,32.94
1996,547165,37.0,0.05,33.21
1997,548009,33.0,0.05,33.48
1998,548741,21.0,0.05,33.49
1999,549904,50.0,0.05,33.68
2000,550901,35.0,0.05,33.75
2001,552024,45.0,0.05,33.86
2002,553135,39.0,0.05,33.95
2003,554611,60.0,0.05,34.35
2004,555356,32.0,0.05,34.48
2005,556165,19.0,0.05,34.34
2006,556988,31.0,0.05,34.51
2007,558083,41.0,0.05,34.57
2008,558885,27.0,0.05,34.45
2009,559742,31.0,0.05,34.51
2010,560407,23.0,0.05,34.41
2011,561349,50.0,0.05,34.51
2012,562077,39.0,0.05,34.55
2013,562690,19.0,0.05,34.36
2014,563399,27.0,0.05,34.3
2015,564402,35.0,0.05,34.47
2016,565851,64.0,0.05,34.81
2017,567011,42.0,0.05,34.83
2018,568416,52.0,0.05,35.17
2019,569409,29.0,0.05,35.23
2020,570401,52.0,0.05,35.53
2021,571437,32.0,0.05,35.44
2022,572372,32.0,0.05,35.51
2023,573073,58.0,0.05,35.94
2024,574296,42.0,0.05,36.15
2025,575028,34.0,0.05,36.34
2026,575828,37.0,0.05,36.6
2027,576553,27.0,0.05,36.57
2028,577362,35.0,0.05,36.64
2029,578488,48.0,0.05,36.72
2030,579161,20.0,0.05,36.67
2031,580228,36.0,0.05,36.6
2032,581151,35.0,0.05,36.58
2033,581621,11.0,0.05,36.17
2034,582375,22.0,0.05,36.16
2035,583321,38.0,0.05,36.09
2036,584090,27.0,0.05,36.12
2037,584791,27.0,0.05,36.03
2038,585224,10.0,0.05,36.0
2039,586062,22.0,0.05,36.09
2040,586590,11.0,0.05,35.88
2041,587699,41.0,0.05,35.85
2042,588815,45.0,0.05,35.86
2043,589648,36.0,0.05,35.99
2044,590534,29.0,0.05,36.12
2045,591238,31.0,0.05,36.13
2046,592170,46.0,0.05,36.43
2047,593136,33.0,0.05,36.42
2048,594296,46.0,0.05,36.69
2049,595385,36.0,0.05,36.62
2050,596540,41.0,0.05,36.64
2051,597505,29.0,0.05,36.71
2052,598154,20.0,0.05,36.78
2053,599335,48.0,0.05,37.0
2054,599985,37.0,0.05,37.04
2055,600913,26.0,0.05,36.97
2056,601680,20.0,0.05,36.95
2057,602572,31.0,0.05,36.88
2058,603618,35.0,0.05,36.98
2059,604932,57.0,0.05,37.29
2060,605651,26.0,0.05,37.13
2061,606996,45.0,0.05,37.4
2062,607794,21.0,0.05,37.37
2063,608399,25.0,0.05,37.15
2064,609310,40.0,0.05,37.15
2065,610351,27.0,0.05,37.0
2066,611232,32.0,0.05,37.03
2067,612165,49.0,0.05,36.91
2068,613029,22.0,0.05,36.83
2069,614259,51.0,0.05,34.92
2070,615103,33.0,0.05,34.89
2071,615797,38.0,0.05,35.02
2072,616792,31.0,0.05,35.01
2073,617586,24.0,0.05,34.65
2074,618553,38.0,0.05,34.66
2075,619152,19.0,0.05,34.59
2076,619898,24.0,0.05,34.7
2077,620942,42.0,0.05,34.93
2078,622043,35.0,0.05,34.78
2079,622995,39.0,0.05,34.59
2080,623895,46.0,0.05,34.66
2081,624864,48.0,0.05,34.85
2082,625872,47.0,0.05,34.9
2083,627065,43.0,0.05,34.81
2084,628526,60.0,0.05,34.95
2085,629182,20.0,0.05,34.97
2086,630169,44.0,0.05,35.21
2087,631128,34.0,0.05,35.16
2088,631730,25.0,0.05,35.06
2089,632536,44.0,0.05,35.02
2090,633298,39.0,0.05,35.21
2091,634453,41.0,0.05,35.25
2092,635848,60.0,0.05,35.58
2093,637062,50.0,0.05,35.68
2094,638098,39.0,0.05,35.82
2095,638847,35.0,0.05,35.6
2096,639793,39.0,0.05,35.62
2097,640747,47.0,0.05,35.76
2098,641809,40.0,0.05,35.95
2099,643076,46.0,0.05,35.91
2100,643859,19.0,0.05,35.75
2101,645315,51.0,0.05,35.81
2102,646261,55.0,0.05,35.97
2103,647238,44.0,0.05,35.81
2104,647747,13.0,0.05,35.62
2105,648529,32.0,0.05,35.75
2106,649436,53.0,0.05,35.97
2107,650581,43.0,0.05,35.99
2108,651642,40.0,0.05,36.12
2109,652490,30.0,0.05,36.11
2110,653226,18.0,0.05,36.06
2111,654591,54.0,0.05,36.1
2112,655720,40.0,0.05,36.11
2113,656154,22.0,0.05,36.14
2114,657055,22.0,0.05,36.09
2115,657996,50.0,0.05,36.24
2116,658742,27.0,0.05,35.87
2117,659865,46.0,0.05,35.91
2118,660737,33.0,0.05,35.72
2119,661807,46.0,0.05,35.89
2120,662824,34.0,0.05,35.71
2121,663888,40.0,0.05,35.79
2122,664721,47.0,0.05,35.94
2123,665298,14.0,0.05,35.5
2124,665968,23.0,0.05,35.31
2125,667168,45.0,0.05,35.42
2126,668833,100.0,0.05,36.05
2127,669963,51.0,0.05,36.29
2128,671219,44.0,0.05,36.38
2129,672199,31.0,0.05,36.21
2130,673155,31.0,0.05,36.32
2131,674374,47.0,0.05,36.43
2132,675708,72.0,0.05,36.8
2133,676839,44.0,0.05,37.13
2134,678320,78.0,0.05,37.69
2135,679669,62.0,0.05,37.93
2136,681045,64.0,0.05,38.3
2137,681912,37.0,0.05,38.4
2138,682740,32.0,0.05,38.62
2139,684046,42.0,0.05,38.82
2140,685054,49.0,0.05,39.2
2141,685643,27.0,0.05,39.06
2142,686588,41.0,0.05,39.02
2143,687871,264.0,0.05,41.3
2144,689022,37.0,0.05,41.38
2145,689923,41.0,0.05,41.48
2146,690942,79.0,0.05,41.81
2147,691833,38.0,0.05,41.86
2148,693014,40.0,0.05,41.8
2149,694120,46.0,0.05,41.9
2150,694674,37.0,0.05,41.86
2151,695463,25.0,0.05,41.82
2152,696486,58.0,0.05,42.2
2153,697476,38.0,0.05,42.1
2154,698933,60.0,0.05,42.33
2155,699464,26.0,0.05,42.33
2156,700542,67.0,0.05,42.8
2157,701449,49.0,0.05,42.98
2158,702927,76.0,0.05,43.39
2159,704046,42.0,0.05,43.24
2160,705281,47.0,0.05,43.45
2161,706340,43.0,0.05,43.43
2162,707807,79.0,0.05,44.01
2163,708548,32.0,0.05,44.08
2164,709639,56.0,0.05,44.24
2165,711023,79.0,0.05,44.76
2166,712169,42.0,0.05,44.86
2167,713359,49.0,0.05,44.86
2168,714589,46.0,0.05,45.1
2169,715888,63.0,0.05,45.22
2170,716931,40.0,0.05,45.29
2171,717780,60.0,0.05,45.51
2172,718162,15.0,0.05,45.35
2173,719255,55.0,0.05,45.66
2174,720849,71.0,0.05,45.99
2175,722119,57.0,0.05,46.37
2176,722867,21.0,0.05,46.34
2177,723840,32.0,0.05,46.24
2178,724977,51.0,0.05,46.4
2179,725831,44.0,0.05,46.45
2180,727062,66.0,0.05,46.65
2181,728499,74.0,0.05,46.91
2182,729461,31.0,0.05,46.75
2183,730649,43.0,0.05,46.75
2184,731779,46.0,0.05,46.61
2185,732597,40.0,0.05,46.81
2186,733413,38.0,0.05,46.75
2187,734143,25.0,0.05,46.66
2188,735515,91.0,0.05,47.32
2189,736540,44.0,0.05,47.32
2190,737941,86.0,0.05,47.79
2191,738654,49.0,0.05,47.87
2192,739313,23.0,0.05,47.5
2193,740340,57.0,0.05,47.57
2194,741062,49.0,0.05,47.67
2195,742251,34.0,0.05,47.66
2196,743655,52.0,0.05,47.79
2197,744464,34.0,0.05,47.66
2198,745297,38.0,0.05,47.64
2199,746466,76.0,0.05,47.94
2200,747371,42.0,0.05,48.17
2201,748194,28.0,0.05,47.94
2202,749191,30.0,0.05,47.69
2203,750087,45.0,0.05,47.7
2204,751309,249.0,0.05,50.06
2205,751828,12.0,0.05,49.86
2206,752732,33.0,0.05,49.66
2207,754030,42.0,0.05,49.65
2208,755291,63.0,0.05,49.88
2209,756311,56.0,0.05,50.14
2210,757655,49.0,0.05,50.45
2211,758914,49.0,0.05,50.4
2212,759681,19.0,0.05,50.19
2213,760510,37.0,0.05,50.34
2214,761412,33.0,0.05,50.45
2215,762714,61.0,0.05,50.56
2216,763951,52.0,0.05,50.81
2217,764829,37.0,0.05,50.72
2218,765855,40.0,0.05,50.79
2219,766645,29.0,0.05,50.62
2220,768132,83.0,0.05,51.11
2221,769419,45.0,0.05,51.16
2222,770249,34.0,0.05,51.03
2223,771380,52.0,0.05,51.41
2224,772649,65.0,0.05,51.83
2225,773846,54.0,0.05,51.92
2226,774756,29.0,0.05,51.21
2227,775404,23.0,0.05,50.93
2228,776303,36.0,0.05,50.85
2229,777530,54.0,0.05,51.08
2230,778580,67.0,0.05,51.44
2231,779207,38.0,0.05,51.35
2232,780589,292.0,0.05,53.55
2233,782038,57.0,0.05,53.68
2234,783257,45.0,0.05,53.35
2235,784346,73.0,0.05,53.46
2236,785660,57.0,0.05,53.39
2237,786954,48.0,0.05,53.5
2238,787839,48.0,0.05,53.66
2239,788995,43.0,0.05,53.67
2240,789616,20.0,0.05,53.38
2241,790881,65.0,0.05,53.76
2242,791646,32.0,0.05,53.67
2243,792818,52.0,0.05,51.55
2244,794091,64.0,0.05,51.82
2245,794972,51.0,0.05,51.92
2246,795918,32.0,0.05,51.45
2247,797647,103.0,0.05,52.1
2248,798765,61.0,0.05,52.31
2249,799516,30.0,0.05,52.15
2250,800720,68.0,0.05,52.46
2251,801819,44.0,0.05,52.65
2252,802689,29.0,0.05,52.36
2253,803328,46.0,0.05,52.44
2254,804661,50.0,0.05,52.34
2255,805819,41.0,0.05,52.49
2256,806966,48.0,0.05,52.3
2257,808166,51.0,0.05,52.32
2258,808955,24.0,0.05,51.8
2259,810192,48.0,0.05,51.86
2260,810813,16.0,0.05,51.55
2261,811817,51.0,0.05,51.63
2262,812539,17.0,0.05,51.01
2263,813508,35.0,0.05,51.04
2264,814679,44.0,0.05,50.92
2265,815945,63.0,0.05,50.76
2266,817102,53.0,0.05,50.87
2267,819017,98.0,0.05,51.36
2268,819754,25.0,0.05,51.15
2269,821015,73.0,0.05,51.25
2270,821967,37.0,0.05,51.22
2271,823139,264.0,0.05,53.26
2272,824125,62.0,0.05,53.73
2273,824975,45.0,0.05,53.63
2274,825976,55.0,0.05,53.47
2275,826878,34.0,0.05,53.24
2276,828231,50.0,0.05,53.53
2277,829234,40.0,0.05,53.61
2278,830561,74.0,0.05,53.84
2279,831893,62.0,0.05,54.02
2280,833459,75.0,0.05,54.11
2281,834746,61.0,0.05,53.98
2282,835806,42.0,0.05,54.09
2283,837086,52.0,0.05,54.18
2284,837903,26.0,0.05,53.98
2285,838670,37.0,0.05,53.95
2286,839863,56.0,0.05,54.13
2287,841267,59.0,0.05,54.47
2288,841908,19.0,0.05,53.75
2289,842738,209.0,0.05,55.4
2290,843631,59.0,0.05,55.13
2291,844895,62.0,0.05,55.26
2292,846264,71.0,0.05,55.74
2293,847358,48.0,0.05,55.65
2294,848132,39.0,0.05,55.55
2295,849278,47.0,0.05,55.68
2296,850776,79.0,0.05,55.95
2297,851584,31.0,0.05,55.92
2298,853012,62.0,0.05,56.16
2299,854333,52.0,0.05,55.92
2300,855400,41.0,0.05,55.91
2301,855896,17.0,0.05,55.8
2302,857190,63.0,0.05,56.13
2303,858648,69.0,0.05,56.37
2304,859397,32.0,0.05,54.2
2305,860630,187.0,0.05,55.95
2306,861344,233.0,0.05,57.95
2307,862864,76.0,0.05,58.29
2308,864043,41.0,0.05,58.07
2309,864729,45.0,0.05,57.96
2310,865809,36.0,0.05,57.83
2311,866893,54.0,0.05,57.88
2312,867603,19.0,0.05,57.88
2313,868389,56.0,0.05,58.07
2314,869292,42.0,0.05,58.16
2315,870713,83.0,0.05,58.38
2316,872040,57.0,0.05,58.43
2317,873255,55.0,0.05,58.61
2318,874447,51.0,0.05,58.72
2319,875989,88.0,0.05,59.31
2320,876893,25.0,0.05,58.73
2321,877942,71.0,0.05,58.99
2322,879150,39.0,0.05,59.04
2323,880376,43.0,0.05,58.95
2324,881797,52.0,0.05,58.82
2325,882920,52.0,0.05,58.8
2326,884086,57.0,0.05,59.08
2327,885453,59.0,0.05,59.44
2328,886704,60.0,0.05,59.68
2329,887923,46.0,0.05,59.6
2330,888813,47.0,0.05,59.4
2331,890174,51.0,0.05,59.53
2332,891653,69.0,0.05,57.3
2333,893024,51.0,0.05,57.24
2334,894092,47.0,0.05,57.26
2335,895558,80.0,0.05,57.33
2336,896342,31.0,0.05,57.07
2337,897446,42.0,0.05,57.01
2338,898979,74.0,0.05,57.27
2339,900599,98.0,0.05,57.82
2340,902423,221.0,0.05,59.83
2341,903501,49.0,0.05,59.67
2342,905010,79.0,0.05,60.14
2343,906475,70.0,0.05,60.32
2344,907804,44.0,0.05,60.12
2345,908747,45.0,0.05,60.06
2346,909892,79.0,0.05,60.53
2347,911000,38.0,0.05,59.88
2348,912459,86.0,0.05,60.13
2349,913958,93.0,0.05,60.76
2350,914869,22.0,0.05,60.3
2351,916030,43.0,0.05,60.29
2352,917340,51.0,0.05,60.51
2353,918755,97.0,0.05,61.02
2354,919862,58.0,0.05,61.1
2355,920601,20.0,0.05,60.89
2356,921758,48.0,0.05,60.89
2357,923208,78.0,0.05,61.16
2358,924764,106.0,0.05,61.98
2359,925486,22.0,0.05,61.72
2360,926595,51.0,0.05,62.07
2361,927828,58.0,0.05,62.14
2362,929038,71.0,0.05,62.68
2363,930320,62.0,0.05,62.95
2364,931681,88.0,0.05,63.39
2365,932689,37.0,0.05,63.13
2366,934204,68.0,0.05,63.28
2367,935549,65.0,0.05,62.95
2368,936845,67.0,0.05,63.37
2369,938392,89.0,0.05,63.53
2370,939540,51.0,0.05,63.67
2371,940947,73.0,0.05,61.76
2372,941916,56.0,0.05,61.7
2373,943274,253.0,0.05,63.78
2374,944605,76.0,0.05,63.99
2375,945913,60.0,0.05,64.25
2376,946940,36.0,0.05,64.11
2377,948303,84.0,0.05,64.55
2378,949660,92.0,0.05,64.73
2379,950809,52.0,0.05,64.63
2380,951889,57.0,0.05,64.45
2381,953148,202.0,0.05,65.86
2382,954360,57.0,0.05,66.01
2383,955382,38.0,0.05,65.87
2384,956324,41.0,0.05,66.02
2385,957869,168.0,0.05,67.33
2386,958816,46.0,0.05,67.23
2387,960429,79.0,0.05,67.43
2388,961711,302.0,0.05,70.26
2389,962829,76.0,0.05,68.93
2390,964106,88.0,0.05,69.22
2391,965153,34.0,0.05,68.94
2392,966471,76.0,0.05,68.99
2393,967824,70.0,0.05,69.21
2394,969181,95.0,0.05,69.77
2395,970158,45.0,0.05,69.75
2396,971483,60.0,0.05,69.56
2397,972978,78.0,0.05,70.03
2398,974724,305.0,0.05,72.46
2399,975420,16.0,0.05,72.1
2400,976133,44.0,0.05,72.13
2401,976938,26.0,0.05,72.22
2402,977807,22.0,0.05,71.81
2403,979167,101.0,0.05,72.13
2404,980255,59.0,0.05,72.4
2405,981558,59.0,0.05,71.12
2406,982753,317.0,0.05,71.96
2407,983638,241.0,0.05,73.61
2408,984480,87.0,0.05,74.07
2409,986057,94.0,0.05,74.56
2410,987154,66.0,0.05,74.86
2411,988191,50.0,0.05,74.82
2412,989295,45.0,0.05,75.08
2413,990423,49.0,0.05,75.01
2414,991729,49.0,0.05,75.08
2415,992765,43.0,0.05,74.68
2416,993714,45.0,0.05,74.56
2417,994621,42.0,0.05,74.43
2418,996020,75.0,0.05,74.67
2419,997289,85.0,0.05,74.64
2420,998284,32.0,0.05,74.71
2421,999596,73.0,0.05,74.73
2422,1000910,85.0,0.05,75.19
2423,1002285,57.0,0.05,75.33
2424,1003812,99.0,0.05,75.8
2425,1005076,40.0,0.05,75.68
2426,1006646,105.0,0.05,76.16
2427,1007573,44.0,0.05,76.01
2428,1008890,67.0,0.05,76.08
2429,1010282,57.0,0.05,76.19
2430,1011489,74.0,0.05,76.46
2431,1012481,61.0,0.05,76.56
2432,1013748,94.0,0.05,76.81
2433,1015380,108.0,0.05,77.38
2434,1016423,75.0,0.05,77.66
2435,1017927,325.0,0.05,80.11
2436,1019218,253.0,0.05,82.33
2437,1020379,49.0,0.05,82.4
2438,1021494,65.0,0.05,82.31
2439,1022619,55.0,0.05,81.88
2440,1024197,86.0,0.05,80.53
2441,1024889,32.0,0.05,80.36
2442,1026111,59.0,0.05,80.16
2443,1027843,93.0,0.05,80.39
2444,1028606,35.0,0.05,80.3
2445,1029983,66.0,0.05,80.51
2446,1031313,79.0,0.05,80.51
2447,1032854,104.0,0.05,81.17
2448,1033862,39.0,0.05,80.7
2449,1035314,356.0,0.05,83.33
2450,1036967,106.0,0.05,84.17
2451,1038159,55.0,0.05,84.29
2452,1039525,72.0,0.05,84.5
2453,1040373,41.0,0.05,83.94
2454,1041585,64.0,0.05,84.0
2455,1043141,71.0,0.05,84.51
2456,1043731,24.0,0.05,84.27
2457,1044744,73.0,0.05,84.22
2458,1045739,248.0,0.05,85.64
2459,1047066,57.0,0.05,85.99
2460,1048132,43.0,0.05,85.91
2461,1049208,242.0,0.05,87.75
2462,1050682,74.0,0.05,87.78
2463,1052255,70.0,0.05,87.86
2464,1053588,66.0,0.05,87.64
2465,1055269,132.0,0.05,88.59
2466,1056469,65.0,0.05,88.56
2467,1057582,80.0,0.05,88.71
2468,1058495,29.0,0.05,88.33
2469,1059895,75.0,0.05,88.19
2470,1060973,38.0,0.05,88.06
2471,1062385,80.0,0.05,88.13
2472,1063614,53.0,0.05,88.1
2473,1064971,67.0,0.05,86.24
2474,1066367,52.0,0.05,86.0
2475,1067954,102.0,0.05,86.42
2476,1069403,61.0,0.05,86.67
2477,1070567,80.0,0.05,86.63
2478,1072028,188.0,0.05,87.59
2479,1073036,65.0,0.05,87.72
2480,1074521,83.0,0.05,87.98
2481,1075742,54.0,0.05,86.5
2482,1077278,95.0,0.05,86.88
2483,1078842,105.0,0.05,87.55
2484,1080134,90.0,0.05,88.04
2485,1081823,117.0,0.05,87.53
2486,1083160,58.0,0.05,87.65
2487,1084309,64.0,0.05,87.5
2488,1085894,104.0,0.05,85.52
2489,1087027,44.0,0.05,85.2
2490,1087758,31.0,0.05,84.63
2491,1089378,91.0,0.05,85.2
2492,1090510,129.0,0.05,85.73
2493,1092026,139.0,0.05,86.42
2494,1093259,47.0,0.05,85.94
2495,1094539,97.0,0.05,86.46
2496,1096015,75.0,0.05,86.61
2497,1097523,105.0,0.05,86.88
2498,1098951,94.0,0.05,84.77
2499,1100310,225.0,0.05,86.86
2500,1101740,68.0,0.05,87.1
2501,1102785,80.0,0.05,87.64
2502,1103824,40.0,0.05,87.82
2503,1105285,128.0,0.05,88.09
2504,1106800,79.0,0.05,88.29
2505,1107804,247.0,0.05,90.17
2506,1109098,53.0,0.05,87.53
2507,1110344,198.0,0.05,87.1
2508,1111947,90.0,0.05,87.13
2509,1113420,82.0,0.05,87.01
2510,1114743,42.0,0.05,86.77
2511,1116229,80.0,0.05,87.07
2512,1117410,195.0,0.05,88.57
2513,1118440,52.0,0.05,88.6
2514,1119260,23.0,0.05,88.34
2515,1120292,43.0,0.05,88.34
2516,1121839,86.0,0.05,88.75
2517,1123251,70.0,0.05,89.03
2518,1123972,23.0,0.05,88.51
2519,1125200,47.0,0.05,88.13
2520,1126328,49.0,0.05,88.3
2521,1127537,69.0,0.05,88.26
2522,1128896,84.0,0.05,88.25
2523,1130142,48.0,0.05,88.16
2524,1131836,135.0,0.05,88.52
2525,1133088,74.0,0.05,88.86
2526,1134649,99.0,0.05,88.8
2527,1135851,48.0,0.05,88.84
2528,1137471,247.0,0.05,90.64
2529,1139193,242.0,0.05,92.49
2530,1140666,80.0,0.05,92.55
2531,1141911,55.0,0.05,92.49
2532,1143514,96.0,0.05,92.51
2533,1145012,60.0,0.05,92.03
2534,1146450,185.0,0.05,93.13
2535,1148061,106.0,0.05,90.94
2536,1149156,56.0,0.05,88.97
2537,1150088,43.0,0.05,88.91
2538,1151299,104.0,0.05,89.3
2539,1152813,85.0,0.05,89.6
2540,1153863,40.0,0.05,89.14
2541,1155172,57.0,0.05,89.39
2542,1156553,85.0,0.05,89.65
2543,1157944,246.0,0.05,91.18
2544,1159246,202.0,0.05,92.85
2545,1160285,55.0,0.05,92.74
2546,1161274,62.0,0.05,92.57
2547,1162450,52.0,0.05,92.05
2548,1163413,61.0,0.05,92.27
2549,1164682,51.0,0.05,89.22
2550,1165979,89.0,0.05,89.05
2551,1167159,65.0,0.05,89.15
2552,1168622,76.0,0.05,89.19
2553,1170195,142.0,0.05,90.2
2554,1171492,90.0,0.05,90.46
2555,1172430,36.0,0.05,90.11
2556,1173872,247.0,0.05,92.34
2557,1174740,244.0,0.05,94.05
2558,1176135,87.0,0.05,92.44
2559,1177522,90.0,0.05,92.77
2560,1179276,310.0,0.05,95.44
2561,1180588,65.0,0.05,93.67
2562,1182126,108.0,0.05,94.01
2563,1183169,73.0,0.05,94.04
2564,1184969,264.0,0.05,96.02
2565,1185821,38.0,0.05,95.08
2566,1186416,39.0,0.05,94.82
2567,1187746,66.0,0.05,94.68
2568,1188513,71.0,0.05,95.1
2569,1189724,72.0,0.05,95.07
2570,1191514,317.0,0.05,97.86
2571,1192846,106.0,0.05,98.12
2572,1194094,75.0,0.05,98.34
2573,1195591,87.0,0.05,98.54
2574,1197030,77.0,0.05,98.79
2575,1198355,236.0,0.05,100.13
2576,1199469,96.0,0.05,100.48
2577,1200177,31.0,0.05,99.99
2578,1201361,178.0,0.05,99.89
2579,1202834,268.0,0.05,101.92
2580,1204223,75.0,0.05,101.84
2581,1205393,62.0,0.05,101.92
2582,1206766,117.0,0.05,102.14
2583,1208226,181.0,0.05,102.9
2584,1209607,80.0,0.05,102.8
2585,1210369,54.0,0.05,102.17
2586,1211336,255.0,0.05,104.14
2587,1213263,132.0,0.05,104.82
2588,1214671,85.0,0.05,104.63
2589,1215394,27.0,0.05,104.46
2590,1216327,43.0,0.05,104.58
2591,1217656,85.0,0.05,104.52
2592,1219357,89.0,0.05,104.12
2593,1220667,80.0,0.05,103.53
2594,1222074,72.0,0.05,103.78
2595,1223579,80.0,0.05,103.61
2596,1225108,116.0,0.05,104.02
2597,1226466,72.0,0.05,103.69
2598,1227870,119.0,0.05,103.94
2599,1229341,59.0,0.05,102.28
2600,1231020,311.0,0.05,104.71
2601,1231790,30.0,0.05,104.21
2602,1233535,122.0,0.05,105.03
2603,1234768,57.0,0.05,104.32
2604,1236243,63.0,0.05,104.16
2605,1237624,342.0,0.05,105.11
2606,1238896,111.0,0.05,105.69
2607,1240038,46.0,0.05,104.17
2608,1241175,48.0,0.05,103.75
2609,1242595,109.0,0.05,104.02
2610,1244151,83.0,0.05,104.43
2611,1245174,36.0,0.05,103.99
2612,1246385,96.0,0.05,103.0
2613,1247890,124.0,0.05,103.72
2614,1248520,62.0,0.05,104.11
2615,1250099,229.0,0.05,105.97
2616,1251597,80.0,0.05,105.91
2617,1252510,29.0,0.05,105.5
2618,1253864,86.0,0.05,106.13
2619,1255212,79.0,0.05,106.45
2620,1256686,73.0,0.05,106.69
2621,1257676,98.0,0.05,106.98
2622,1258576,36.0,0.05,106.5
2623,1259406,33.0,0.05,106.35
2624,1260398,87.0,0.05,105.87
2625,1261839,102.0,0.05,106.15
2626,1262977,47.0,0.05,105.63
2627,1264467,78.0,0.05,105.93
2628,1265973,96.0,0.05,104.42
2629,1267187,82.0,0.05,102.82
2630,1268612,71.0,0.05,102.73
2631,1269814,68.0,0.05,102.86
2632,1271468,119.0,0.05,103.09
2633,1272539,52.0,0.05,103.01
2634,1273445,45.0,0.05,101.61
2635,1274908,232.0,0.05,102.87
2636,1276199,65.0,0.05,102.96
2637,1277577,87.0,0.05,103.4
2638,1279062,69.0,0.05,103.05
2639,1280533,78.0,0.05,102.98
2640,1281707,71.0,0.05,103.29
2641,1282928,51.0,0.05,103.23
2642,1284242,53.0,0.05,102.91
2643,1285882,189.0,0.05,102.34
2644,1286654,40.0,0.05,100.72
2645,1287313,153.0,0.05,101.7
2646,1288979,104.0,0.05,102.12
2647,1289925,33.0,0.05,101.93
2648,1291009,41.0,0.05,101.73
2649,1292264,146.0,0.05,102.68
2650,1293777,100.0,0.05,102.79
2651,1295119,265.0,0.05,104.79
2652,1296634,78.0,0.05,104.81
2653,1298010,95.0,0.05,104.34
2654,1299490,271.0,0.05,106.15
2655,1300749,95.0,0.05,106.74
2656,1302252,120.0,0.05,105.47
2657,1303732,84.0,0.05,103.87
2658,1305053,88.0,0.05,103.88
2659,1306547,121.0,0.05,104.19
2660,1308038,147.0,0.05,102.56
2661,1309655,88.0,0.05,102.79
2662,1311169,97.0,0.05,102.68
2663,1312382,99.0,0.05,102.94
2664,1313949,126.0,0.05,101.56
2665,1315208,60.0,0.05,101.78
2666,1316900,146.0,0.05,102.85
2667,1317937,36.0,0.05,102.55
2668,1319540,145.0,0.05,103.29
2669,1320611,47.0,0.05,103.04
2670,1321861,108.0,0.05,100.95
2671,1323109,63.0,0.05,100.52
2672,1324356,94.0,0.05,100.71
2673,1325381,84.0,0.05,100.68
2674,1326583,80.0,0.05,100.71
2675,1328087,74.0,0.05,99.09
2676,1329515,218.0,0.05,100.31
2677,1331248,231.0,0.05,102.31
2678,1332296,128.0,0.05,101.81
2679,1333819,181.0,0.05,100.94
2680,1335204,83.0,0.05,101.02
2681,1336745,151.0,0.05,101.91
2682,1338034,201.0,0.05,102.75
2683,1340072,235.0,0.05,103.29
2684,1341398,277.0,0.05,105.26
2685,1342343,248.0,0.05,107.2
2686,1343673,72.0,0.05,105.37
2687,1345459,169.0,0.05,105.74
2688,1347425,347.0,0.05,108.36
2689,1348928,86.0,0.05,108.95
2690,1350758,157.0,0.05,110.09
2691,1351950,95.0,0.05,110.19
2692,1353283,79.0,0.05,110.09
2693,1354910,111.0,0.05,110.4
2694,1356415,91.0,0.05,110.59
2695,1357611,88.0,0.05,110.67
2696,1358902,93.0,0.05,110.44
2697,1360197,96.0,0.05,110.68
2698,1361352,77.0,0.05,110.26
2699,1362610,345.0,0.05,113.12
2700,1363999,55.0,0.05,110.56
2701,1365275,87.0,0.05,111.13
2702,1366762,81.0,0.05,110.72
2703,1367897,55.0,0.05,110.7
2704,1369410,85.0,0.05,110.92
2705,1371082,108.0,0.05,108.58
2706,1372169,38.0,0.05,107.85
2707,1373976,126.0,0.05,108.65
2708,1375109,124.0,0.05,109.41
2709,1376632,111.0,0.05,109.43
2710,1378137,313.0,0.05,111.73
2711,1379661,80.0,0.05,112.17
2712,1381049,176.0,0.05,112.97
2713,1382559,101.0,0.05,112.74
2714,1383483,37.0,0.05,112.49
2715,1384679,55.0,0.05,110.75
2716,1385966,83.0,0.05,110.78
2717,1387381,93.0,0.05,111.42
2718,1388969,98.0,0.05,111.54
2719,1390595,144.0,0.05,112.19
2720,1392310,273.0,0.05,114.19
2721,1393951,154.0,0.05,114.75
2722,1394662,18.0,0.05,114.57
2723,1396144,64.0,0.05,114.88
2724,1397902,288.0,0.05,116.89
2725,1399415,231.0,0.05,118.18
2726,1401193,317.0,0.05,120.88
2727,1402592,152.0,0.05,121.62
2728,1403543,29.0,0.05,120.95
2729,1404842,63.0,0.05,120.76
2730,1406475,373.0,0.05,123.78
2731,1407827,297.0,0.05,126.07
2732,1409191,116.0,0.05,126.04
2733,1410686,265.0,0.05,128.17
2734,1411969,50.0,0.05,128.22
2735,1413375,96.0,0.05,126.86
2736,1415218,157.0,0.05,127.78
2737,1416241,58.0,0.05,127.49
2738,1417424,98.0,0.05,127.78
2739,1418781,87.0,0.05,127.87
2740,1420437,144.0,0.05,128.6
2741,1421832,101.0,0.05,129.1
2742,1423215,91.0,0.05,129.48
2743,1424657,98.0,0.05,128.57
2744,1425699,52.0,0.05,128.69
2745,1426902,51.0,0.05,127.67
2746,1428685,234.0,0.05,128.97
2747,1430421,166.0,0.05,130.3
2748,1431737,101.0,0.05,130.9
2749,1432502,40.0,0.05,129.84
2750,1433761,96.0,0.05,129.8
2751,1435032,82.0,0.05,127.97
2752,1436537,109.0,0.05,128.28
2753,1438184,135.0,0.05,128.68
2754,1439680,270.0,0.05,128.67
2755,1440835,66.0,0.05,128.38
2756,1441721,51.0,0.05,127.69
2757,1443134,63.0,0.05,127.48
2758,1444291,52.0,0.05,127.12
2759,1445800,107.0,0.05,126.98
2760,1447289,100.0,0.05,126.51
2761,1448639,101.0,0.05,126.64
2762,1450321,127.0,0.05,126.94
2763,1452051,160.0,0.05,127.55
2764,1453179,38.0,0.05,126.67
2765,1454798,132.0,0.05,127.39
2766,1456589,206.0,0.05,127.99
2767,1458316,305.0,0.05,130.68
2768,1460004,162.0,0.05,130.85
2769,1461468,103.0,0.05,131.41
2770,1463271,284.0,0.05,133.17
2771,1465232,171.0,0.05,134.25
2772,1466722,87.0,0.05,134.18
2773,1467937,62.0,0.05,133.96
2774,1469601,130.0,0.05,134.46
2775,1471033,74.0,0.05,134.46
2776,1472839,153.0,0.05,133.81
2777,1473984,72.0,0.05,132.22
2778,1475441,80.0,0.05,131.74
2779,1477058,307.0,0.05,133.0
2780,1478820,164.0,0.05,133.81
2781,1480318,107.0,0.05,133.37
2782,1481672,72.0,0.05,132.08
2783,1482941,65.0,0.05,130.38
2784,1484885,226.0,0.05,129.87
2785,1486066,168.0,0.05,129.07
2786,1487840,290.0,0.05,131.25
2787,1489105,94.0,0.05,130.5
2788,1490916,223.0,0.05,129.26
2789,1492441,212.0,0.05,130.52
2790,1493907,81.0,0.05,129.76
2791,1495674,234.0,0.05,131.15
2792,1497286,279.0,0.05,133.15
2793,1498658,259.0,0.05,134.63
2794,1500199,302.0,0.05,136.74
2795,1501745,104.0,0.05,136.9
2796,1503516,255.0,0.05,138.52
2797,1504713,72.0,0.05,138.28
2798,1505870,58.0,0.05,138.09
2799,1507576,249.0,0.05,137.13
2800,1508685,257.0,0.05,139.15
2801,1509648,71.0,0.05,138.99
2802,1510884,93.0,0.05,139.11
2803,1511940,75.0,0.05,139.31
2804,1512903,60.0,0.05,139.06
2805,1513790,45.0,0.05,138.43
2806,1514560,62.0,0.05,138.67
2807,1515636,69.0,0.05,138.1
2808,1517233,274.0,0.05,139.6
2809,1517832,37.0,0.05,138.86
2810,1519160,205.0,0.05,137.78
2811,1520819,107.0,0.05,138.05
2812,1522531,195.0,0.05,138.24
2813,1523881,80.0,0.05,138.03
2814,1525609,93.0,0.05,138.59
2815,1526799,122.0,0.05,139.26
2816,1528447,113.0,0.05,139.56
2817,1529737,120.0,0.05,139.83
2818,1531492,229.0,0.05,141.14
2819,1532627,311.0,0.05,142.81
2820,1534276,136.0,0.05,141.44
2821,1535438,81.0,0.05,140.71
2822,1537111,148.0,0.05,142.01
2823,1538652,219.0,0.05,143.56
2824,1539933,230.0,0.05,142.98
2825,1541865,270.0,0.05,143.37
2826,1542984,47.0,0.05,140.67
2827,1544127,265.0,0.05,141.8
2828,1545579,216.0,0.05,143.67
2829,1547211,181.0,0.05,144.85
2830,1549175,192.0,0.05,143.04
2831,1550753,132.0,0.05,141.39
2832,1552221,116.0,0.05,141.39
2833,1553729,85.0,0.05,139.59
2834,1555286,180.0,0.05,140.89
2835,1556967,320.0,0.05,143.13
2836,1558490,233.0,0.05,143.89
2837,1560422,213.0,0.05,145.44
2838,1561980,105.0,0.05,145.51
2839,1562979,40.0,0.05,145.04
2840,1564403,99.0,0.05,144.59
2841,1565806,261.0,0.05,146.19
2842,1567079,121.0,0.05,146.49
2843,1568166,84.0,0.05,146.35
2844,1569852,107.0,0.05,146.9
2845,1571355,232.0,0.05,148.71
2846,1572871,103.0,0.05,147.4
2847,1574002,79.0,0.05,146.53
2848,1575646,275.0,0.05,148.27
2849,1576611,46.0,0.05,148.33
2850,1578374,257.0,0.05,149.94
2851,1579353,33.0,0.05,149.45
2852,1580778,60.0,0.05,148.96
2853,1582512,147.0,0.05,149.08
2854,1584018,137.0,0.05,147.75
2855,1585560,179.0,0.05,148.88
2856,1586910,83.0,0.05,149.2
2857,1588434,126.0,0.05,149.83
2858,1589629,73.0,0.05,150.04
2859,1590994,91.0,0.05,149.88
2860,1592690,247.0,0.05,151.35
2861,1593954,66.0,0.05,151.0
2862,1595586,120.0,0.05,150.93
2863,1596852,70.0,0.05,150.03
2864,1598437,126.0,0.05,150.91
2865,1600037,182.0,0.05,151.41
2866,1601517,98.0,0.05,150.33
2867,1603064,222.0,0.05,149.5
2868,1604753,178.0,0.05,149.66
2869,1606043,67.0,0.05,149.3
2870,1607182,39.0,0.05,146.85
2871,1608659,100.0,0.05,146.14
2872,1609952,108.0,0.05,146.35
2873,1611406,143.0,0.05,147.16
2874,1612607,71.0,0.05,146.57
2875,1614630,304.0,0.05,148.87
2876,1615728,92.0,0.05,148.26
2877,1616872,229.0,0.05,149.83
2878,1618499,124.0,0.05,150.27
2879,1619601,95.0,0.05,148.15
2880,1620824,264.0,0.05,149.15
2881,1622035,82.0,0.05,148.9
2882,1624006,309.0,0.05,151.27
2883,1625241,257.0,0.05,153.19
2884,1626325,144.0,0.05,152.37
2885,1627425,84.0,0.05,151.53
2886,1628390,38.0,0.05,149.01
2887,1629818,95.0,0.05,149.02
2888,1631151,145.0,0.05,148.24
2889,1633358,282.0,0.05,148.94
2890,1634654,65.0,0.05,148.78
2891,1636255,126.0,0.05,147.7
2892,1637848,98.0,0.05,145.89
2893,1639398,259.0,0.05,145.89
2894,1640893,74.0,0.05,143.61
2895,1642238,293.0,0.05,145.5
2896,1643634,96.0,0.05,143.91
2897,1644798,42.0,0.05,143.61
2898,1646650,114.0,0.05,144.17
2899,1648371,225.0,0.05,143.93
2900,1650385,252.0,0.05,143.88
2901,1651946,164.0,0.05,144.81
2902,1653129,103.0,0.05,144.91
2903,1654379,46.0,0.05,144.62
2904,1655473,197.0,0.05,145.99
2905,1656667,92.0,0.05,146.46
2906,1658222,157.0,0.05,147.41
2907,1659940,251.0,0.05,149.23
2908,1661445,327.0,0.05,149.76
2909,1662501,50.0,0.05,149.89
2910,1664290,350.0,0.05,151.34
2911,1665464,237.0,0.05,152.64
2912,1667184,252.0,0.05,153.21
2913,1668689,130.0,0.05,153.71
2914,1670439,191.0,0.05,154.69
2915,1671040,76.0,0.05,154.23
2916,1672573,139.0,0.05,154.49
2917,1674434,275.0,0.05,156.04
2918,1676214,185.0,0.05,155.6
2919,1677622,108.0,0.05,153.57
2920,1678842,76.0,0.05,152.97
2921,1680469,133.0,0.05,153.49
2922,1681235,41.0,0.05,152.42
2923,1682787,116.0,0.05,151.39
2924,1684362,140.0,0.05,150.49
2925,1685884,198.0,0.05,149.77
2926,1687034,64.0,0.05,149.94
2927,1688310,67.0,0.05,147.96
2928,1689032,22.0,0.05,146.02
2929,1691025,314.0,0.05,147.35
2930,1692720,166.0,0.05,147.09
2931,1694290,107.0,0.05,146.84
2932,1696268,323.0,0.05,148.91
2933,1697885,273.0,0.05,150.79
2934,1698901,246.0,0.05,151.45
2935,1700450,308.0,0.05,151.33
2936,1701800,151.0,0.05,150.51
2937,1703727,247.0,0.05,150.85
2938,1705246,124.0,0.05,151.04
2939,1706663,80.0,0.05,151.44
2940,1708551,238.0,0.05,152.83
2941,1710019,123.0,0.05,151.45
2942,1711851,226.0,0.05,152.5
2943,1713009,79.0,0.05,152.45
2944,1714240,94.0,0.05,152.32
2945,1715413,56.0,0.05,150.56
2946,1716770,99.0,0.05,150.52
2947,1718579,234.0,0.05,152.07
2948,1720222,78.0,0.05,150.1
2949,1721136,243.0,0.05,152.07
2950,1722019,49.0,0.05,149.99
2951,1723028,344.0,0.05,153.1
2952,1725101,297.0,0.05,155.47
2953,1726340,96.0,0.05,154.96
2954,1726867,38.0,0.05,153.97
2955,1728658,256.0,0.05,154.74
2956,1730358,200.0,0.05,155.91
2957,1731775,139.0,0.05,156.04
2958,1733247,124.0,0.05,156.55
2959,1734689,234.0,0.05,157.98
2960,1736215,205.0,0.05,157.56
2961,1737815,108.0,0.05,157.98
2962,1739527,319.0,0.05,159.97
2963,1740886,269.0,0.05,161.96
2964,1742478,223.0,0.05,162.93
2965,1743362,32.0,0.05,161.43
2966,1744768,102.0,0.05,161.47
2967,1745597,244.0,0.05,161.69
2968,1746663,95.0,0.05,160.86
2969,1748041,69.0,0.05,160.88
2970,1749897,202.0,0.05,162.51
2971,1750861,225.0,0.05,163.76
2972,1752356,106.0,0.05,163.74
2973,1753544,229.0,0.05,164.6
2974,1754763,82.0,0.05,164.71
2975,1755723,67.0,0.05,162.34
2976,1757258,225.0,0.05,163.67
2977,1758552,68.0,0.05,162.06
2978,1759585,140.0,0.05,162.22
2979,1760554,65.0,0.05,161.92
2980,1761948,91.0,0.05,160.19
2981,1763445,249.0,0.05,161.86
2982,1765151,179.0,0.05,160.56
2983,1766576,96.0,0.05,158.95
2984,1767182,16.0,0.05,157.67
2985,1768678,95.0,0.05,157.78
2986,1770217,121.0,0.05,158.61
2987,1771135,178.0,0.05,159.44
2988,1772505,110.0,0.05,159.09
2989,1773968,156.0,0.05,157.83
2990,1775478,246.0,0.05,159.64
2991,1777091,98.0,0.05,159.36
2992,1778576,95.0,0.05,159.33
2993,1780094,256.0,0.05,159.3
2994,1781389,199.0,0.05,160.55
2995,1782642,118.0,0.05,158.8
2996,1783980,94.0,0.05,158.78
2997,1785631,135.0,0.05,159.71
2998,1787234,232.0,0.05,160.89
2999,1788529,50.0,0.05,159.14
3000,1789739,97.0,0.05,157.59
3001,1791481,152.0,0.05,157.47
3002,1792925,105.0,0.05,157.49
3003,1795180,289.0,0.05,159.92
3004,1796883,308.0,0.05,161.03
3005,1798479,158.0,0.05,161.69
3006,1800060,113.0,0.05,161.25
3007,1801486,70.0,0.05,159.44
3008,1802440,279.0,0.05,158.96
3009,1803530,239.0,0.05,160.85
3010,1805362,155.0,0.05,158.9
3011,1806754,192.0,0.05,158.45
3012,1807935,139.0,0.05,157.32
3013,1809437,214.0,0.05,158.16
3014,1810723,66.0,0.05,156.91
3015,1812524,308.0,0.05,159.23
3016,1814336,302.0,0.05,160.86
3017,1815799,277.0,0.05,160.88
3018,1817279,120.0,0.05,160.23
3019,1818737,124.0,0.05,160.39
3020,1820399,156.0,0.05,161.19
3021,1821835,226.0,0.05,162.12
3022,1823193,83.0,0.05,162.54
3023,1824720,117.0,0.05,162.55
3024,1826441,211.0,0.05,163.26
3025,1827662,107.0,0.05,162.35
3026,1829392,133.0,0.05,163.04
3027,1831151,116.0,0.05,163.53
3028,1832783,147.0,0.05,164.78
3029,1834140,54.0,0.05,162.18
3030,1835234,71.0,0.05,161.23
3031,1836503,69.0,0.05,160.85
3032,1838031,223.0,0.05,159.85
3033,1839987,160.0,0.05,158.72
3034,1841685,350.0,0.05,159.76
3035,1842947,114.0,0.05,157.82
3036,1844475,81.0,0.05,157.12
3037,1846287,324.0,0.05,157.89
3038,1847997,167.0,0.05,158.32
3039,1849626,363.0,0.05,161.15
3040,1851340,214.0,0.05,160.91
3041,1852997,339.0,0.05,163.07
3042,1854552,324.0,0.05,164.05
3043,1856117,316.0,0.05,166.42
3044,1857762,258.0,0.05,168.06
3045,1858744,281.0,0.05,170.31
3046,1859973,79.0,0.05,170.11
3047,1862032,213.0,0.05,169.9
3048,1863352,136.0,0.05,170.48
3049,1864807,208.0,0.05,170.13
3050,1866030,50.0,0.05,170.14
3051,1867551,232.0,0.05,169.02
3052,1869336,294.0,0.05,168.99
3053,1871088,153.0,0.05,169.56
3054,1872304,108.0,0.05,170.26
3055,1873418,267.0,0.05,170.37
3056,1875055,351.0,0.05,171.88
3057,1876650,279.0,0.05,173.28
3058,1878155,89.0,0.05,172.93
3059,1879997,220.0,0.05,172.79
3060,1881578,295.0,0.05,173.69
3061,1883235,127.0,0.05,173.88
3062,1885010,172.0,0.05,172.41
3063,1886610,158.0,0.05,171.3
3064,1887777,102.0,0.05,170.09
3065,1889090,116.0,0.05,170.93
3066,1890115,307.0,0.05,172.98
3067,1891496,95.0,0.05,171.49
3068,1892624,121.0,0.05,171.75
3069,1893717,45.0,0.05,171.51
3070,1895045,154.0,0.05,171.03
3071,1896923,179.0,0.05,170.57
3072,1898369,279.0,0.05,172.3
3073,1899948,151.0,0.05,171.52
3074,1901342,110.0,0.05,171.8
3075,1902623,286.0,0.05,173.99
3076,1903738,69.0,0.05,172.43
3077,1905041,90.0,0.05,172.65
3078,1907105,354.0,0.05,174.79
3079,1908251,74.0,0.05,174.88
3080,1909864,181.0,0.05,175.78
3081,1911007,55.0,0.05,173.84
3082,1912487,141.0,0.05,173.46
3083,1913571,67.0,0.05,173.17
3084,1914971,95.0,0.05,173.96
3085,1916302,284.0,0.05,175.85
3086,1917779,120.0,0.05,175.84
3087,1919255,91.0,0.05,174.97
3088,1920489,69.0,0.05,174.56
3089,1921915,104.0,0.05,174.04
3090,1923218,76.0,0.05,172.34
3091,1924819,117.0,0.05,172.53
3092,1926102,56.0,0.05,172.14
3093,1927761,168.0,0.05,171.26
3094,1929410,210.0,0.05,171.37
3095,1930742,127.0,0.05,171.46
3096,1932490,207.0,0.05,172.59
3097,1934187,86.0,0.05,172.1
3098,1935609,65.0,0.05,170.43
3099,1936837,60.0,0.05,170.53
3100,1938403,107.0,0.05,170.63
3101,1939290,338.0,0.05,172.49
3102,1940493,91.0,0.05,172.35
3103,1941630,66.0,0.05,170.12
3104,1942725,42.0,0.05,167.46
3105,1944026,75.0,0.05,166.63
3106,1945282,87.0,0.05,166.37
3107,1947059,294.0,0.05,168.61
3108,1948633,191.0,0.05,167.73
3109,1950318,127.0,0.05,166.61
3110,1951466,54.0,0.05,165.6
3111,1953114,319.0,0.05,166.87
3112,1954820,212.0,0.05,167.6
3113,1955901,41.0,0.05,165.87
3114,1956956,32.0,0.05,165.53
3115,1958779,166.0,0.05,164.11
3116,1960382,212.0,0.05,163.21
3117,1961722,62.0,0.05,161.06
3118,1963311,97.0,0.05,160.83
3119,1964686,303.0,0.05,162.62
3120,1966413,282.0,0.05,163.88
3121,1968195,257.0,0.05,164.19
3122,1969570,183.0,0.05,165.19
3123,1970537,358.0,0.05,167.6
3124,1972003,190.0,0.05,167.39
3125,1973665,327.0,0.05,169.59
3126,1975157,246.0,0.05,170.72
3127,1976511,182.0,0.05,171.38
3128,1977328,28.0,0.05,170.19
3129,1978990,336.0,0.05,173.01
3130,1980369,88.0,0.05,173.18
3131,1982089,279.0,0.05,175.28
3132,1983077,43.0,0.05,173.48
3133,1984603,278.0,0.05,174.66
3134,1985912,43.0,0.05,171.59
3135,1987496,270.0,0.05,173.15
3136,1989084,152.0,0.05,173.86
3137,1990495,84.0,0.05,171.46
3138,1992438,257.0,0.05,172.36
3139,1993736,162.0,0.05,170.35
3140,1995405,248.0,0.05,170.69
3141,1997041,131.0,0.05,168.61
3142,1998631,374.0,0.05,169.11
3143,1999999,228.0,0.05,168.23
